 count,120,110,90, 70, 50, 30, 10, 0, -10, -30, -50, -70, -89,-90,-110,-120
1,120.08,110.02,90.13,70.04,50.11,30.0,10.0,0.02,-9.93,-29.92,-49.88,-69.91,-88.79,-89.79,-109.79,-119.8,
2,120.09,110.01,90.09,70.05,50.11,29.97,9.97,-0.01,-9.94,-29.93,-49.88,-69.9,-88.8,-89.79,-109.79,-119.8,
3,120.08,110.02,90.09,70.05,50.09,29.96,9.97,0.0,-9.94,-29.9,-49.86,-69.87,-88.81,-89.77,-109.8,-119.8,
4,120.06,110.02,90.08,70.04,50.09,29.94,10.0,-0.01,-9.96,-29.92,-49.88,-69.87,-88.79,-89.79,-109.8,-119.8,
5,120.09,110.01,90.09,70.05,50.09,29.98,9.98,0.03,-9.93,-29.9,-49.86,-69.88,-88.8,-89.8,-109.8,-119.79,
6,120.09,110.01,90.06,70.04,50.09,29.98,9.97,0.0,-9.96,-29.95,-49.86,-69.88,-88.8,-89.79,-109.79,-119.8,
7,120.08,110.01,90.11,70.05,50.09,29.97,9.98,0.01,-9.94,-29.93,-49.86,-69.87,-88.8,-89.8,-109.8,-119.8,
8,120.11,110.01,90.08,70.05,50.09,30.0,10.0,0.0,-9.94,-29.94,-49.88,-69.94,-88.79,-89.8,-109.79,-119.8,
9,120.08,110.02,90.06,70.05,50.09,29.98,9.98,0.01,-9.93,-29.93,-49.86,-69.9,-88.8,-89.8,-109.8,-119.79,
10,120.08,110.04,90.09,70.05,50.09,29.96,10.02,0.01,-9.96,-29.9,-49.88,-69.87,-88.81,-89.81,-109.8,-119.8,
11,120.08,110.01,90.09,70.05,50.09,29.97,10.0,0.0,-9.96,-29.9,-49.86,-69.9,-88.81,-89.8,-109.81,-119.8,
12,120.08,110.01,90.08,70.05,50.11,29.97,10.0,0.01,-9.93,-29.93,-49.88,-69.91,-88.8,-89.8,-109.8,-119.81,
13,120.08,110.04,90.09,70.05,50.11,29.97,9.98,-0.01,-9.93,-29.94,-49.86,-69.91,-88.8,-89.77,-109.79,-119.79,
14,120.06,110.04,90.08,70.06,50.09,29.96,10.01,0.02,-9.94,-29.93,-49.88,-69.91,-88.8,-89.8,-109.8,-119.8,
15,120.08,110.01,90.08,70.02,50.09,29.95,9.97,0.0,-9.93,-29.93,-49.88,-69.93,-88.8,-89.8,-109.8,-119.8,
16,120.08,110.02,90.08,70.04,50.08,29.97,9.98,0.0,-9.94,-29.94,-49.86,-69.87,-88.8,-89.8,-109.8,-119.8,
17,120.08,110.01,90.06,70.04,50.09,29.95,9.98,-0.01,-9.96,-29.92,-49.9,-69.9,-88.8,-89.79,-109.8,-119.79,
18,120.06,110.01,90.08,70.05,50.09,29.96,9.98,0.0,-9.94,-29.92,-49.88,-69.91,-88.77,-89.79,-109.79,-119.79,
19,120.08,110.01,90.08,70.05,50.09,29.97,9.97,0.0,-9.96,-29.9,-49.88,-69.88,-88.8,-89.79,-109.79,-119.8,
20,120.08,110.02,90.09,70.05,50.09,29.95,9.97,0.0,-9.97,-29.93,-49.91,-69.88,-88.8,-89.8,-109.79,-119.8,
21,120.08,110.01,90.08,70.02,50.09,29.96,9.97,0.0,-9.94,-29.93,-49.88,-69.88,-88.79,-89.77,-109.8,-119.81,
22,120.06,110.04,90.08,70.05,50.09,29.97,9.98,0.0,-9.97,-29.93,-49.88,-69.87,-88.8,-89.79,-109.79,-119.81,
23,120.08,110.04,90.08,70.05,50.11,29.95,9.98,0.0,-9.93,-29.94,-49.86,-69.87,-88.77,-89.79,-109.79,-119.8,
24,120.08,110.01,90.09,70.05,50.09,29.97,9.97,0.0,-9.96,-29.89,-49.88,-69.87,-88.8,-89.8,-109.77,-119.8,
25,120.06,110.01,90.09,70.04,50.11,29.96,9.97,0.0,-9.94,-29.94,-49.88,-69.9,-88.8,-89.8,-109.77,-119.8,
26,120.06,110.01,90.11,70.05,50.09,29.97,9.98,0.0,-9.94,-29.93,-49.86,-69.88,-88.79,-89.79,-109.79,-119.8,
27,120.09,110.01,90.08,70.04,50.09,29.97,10.0,0.0,-9.97,-29.92,-49.88,-69.9,-88.79,-89.79,-109.8,-119.79,
28,120.06,110.01,90.06,70.05,50.08,29.95,9.97,-0.01,-9.97,-29.92,-49.86,-69.87,-88.8,-89.77,-109.79,-119.8,
29,120.08,110.01,90.08,70.05,50.09,29.95,9.98,0.0,-9.97,-29.95,-49.88,-69.9,-88.79,-89.77,-109.79,-119.8,
30,120.08,109.98,90.08,70.02,50.09,29.95,9.97,-0.01,-9.96,-29.94,-49.9,-69.88,-88.79,-89.79,-109.8,-119.8,
31,120.06,110.04,90.08,70.04,50.11,29.97,9.98,-0.02,-9.97,-29.95,-49.88,-69.9,-88.83,-89.81,-109.81,-119.8,
32,120.08,110.02,90.08,70.04,50.09,29.96,9.96,0.0,-9.96,-29.94,-49.86,-69.91,-88.8,-89.8,-109.8,-119.8,
33,120.09,110.01,90.08,70.04,50.11,29.96,9.97,0.0,-9.97,-29.93,-49.88,-69.87,-88.81,-89.79,-109.79,-119.8,
34,120.09,110.02,90.12,70.05,50.09,29.95,10.01,-0.01,-9.94,-29.93,-49.88,-69.87,-88.8,-89.79,-109.8,-119.8,
35,120.08,110.01,90.08,70.04,50.09,29.96,9.97,0.0,-9.96,-29.95,-49.88,-69.91,-88.8,-89.79,-109.76,-119.8,
36,120.08,110.04,90.08,70.05,50.09,29.96,9.98,0.0,-9.94,-29.95,-49.86,-69.87,-88.81,-89.8,-109.79,-119.8,
37,120.09,110.05,90.08,70.02,50.09,29.97,9.97,-0.01,-9.96,-29.92,-49.88,-69.91,-88.8,-89.8,-109.8,-119.8,
38,120.08,110.04,90.08,70.05,50.11,29.98,9.97,-0.01,-9.94,-29.95,-49.88,-69.9,-88.81,-89.79,-109.8,-119.81,
39,120.12,110.05,90.11,70.05,50.09,29.96,10.0,-0.01,-9.97,-29.93,-49.88,-69.91,-88.8,-89.8,-109.8,-119.8,
40,120.08,110.01,90.11,70.05,50.11,29.97,9.97,0.0,-9.94,-29.95,-49.88,-69.91,-88.8,-89.79,-109.8,-119.8,
41,120.09,110.04,90.12,70.05,50.11,29.97,10.01,0.0,-9.97,-29.95,-49.9,-69.88,-88.8,-89.8,-109.8,-119.8,
42,120.08,110.02,90.09,70.06,50.11,29.96,9.97,0.0,-9.97,-29.95,-49.9,-69.9,-88.8,-89.79,-109.8,-119.8,
43,120.09,110.01,90.11,70.05,50.11,29.97,9.97,0.0,-9.97,-29.93,-49.88,-69.91,-88.8,-89.8,-109.8,-119.8,
44,120.11,110.04,90.08,70.04,50.09,29.97,10.0,-0.02,-9.97,-29.94,-49.9,-69.87,-88.8,-89.81,-109.8,-119.81,
45,120.09,110.04,90.12,70.05,50.11,29.97,9.98,0.0,-9.97,-29.93,-49.88,-69.91,-88.83,-89.8,-109.8,-119.81,
46,120.08,110.01,90.11,70.05,50.09,29.97,9.98,-0.01,-9.96,-29.94,-49.86,-69.87,-88.81,-89.8,-109.8,-119.8,
47,120.09,110.04,90.11,70.05,50.11,29.96,9.97,-0.01,-9.96,-29.95,-49.88,-69.86,-88.8,-89.79,-109.8,-119.8,
48,120.09,110.04,90.09,70.05,50.11,29.97,9.98,0.0,-9.96,-29.92,-49.9,-69.88,-88.81,-89.8,-109.8,-119.8,
49,120.09,110.05,90.09,70.05,50.09,29.97,9.97,0.01,-9.96,-29.95,-49.88,-69.9,-88.81,-89.8,-109.8,-119.81,
50,120.09,110.01,90.08,70.05,50.11,29.96,9.97,0.0,-9.96,-29.94,-49.88,-69.91,-88.81,-89.81,-109.8,-119.8,
51,120.08,110.02,90.09,70.05,50.11,29.96,9.98,-0.01,-9.96,-29.94,-49.88,-69.93,-88.8,-89.8,-109.8,-119.8,
52,120.06,110.01,90.09,70.05,50.11,29.97,9.98,-0.02,-9.94,-29.95,-49.88,-69.88,-88.8,-89.81,-109.8,-119.77,
53,120.08,110.04,90.09,70.05,50.09,29.98,9.97,0.0,-9.93,-29.95,-49.9,-69.88,-88.8,-89.79,-109.8,-119.8,
54,120.09,110.04,90.11,70.05,50.11,29.98,9.98,0.0,-9.94,-29.95,-49.88,-69.93,-88.8,-89.77,-109.8,-119.8,
55,120.08,110.01,90.08,70.06,50.09,29.96,9.97,-0.01,-9.96,-29.93,-49.9,-69.87,-88.81,-89.8,-109.8,-119.8,
56,120.08,110.05,90.11,70.05,50.11,29.97,9.97,0.0,-9.96,-29.93,-49.88,-69.88,-88.8,-89.8,-109.8,-119.81,
57,120.09,110.05,90.09,70.05,50.11,29.98,9.97,0.0,-9.94,-29.94,-49.88,-69.87,-88.81,-89.81,-109.8,-119.8,
58,120.11,110.05,90.08,70.06,50.11,29.96,10.0,0.0,-9.97,-29.92,-49.9,-69.94,-88.8,-89.8,-109.8,-119.8,
59,120.08,110.04,90.09,70.06,50.11,29.98,9.98,0.0,-9.97,-29.94,-49.88,-69.87,-88.83,-89.8,-109.8,-119.81,
60,120.09,110.02,90.12,70.06,50.11,29.98,10.0,0.0,-9.96,-29.94,-49.9,-69.91,-88.79,-89.79,-109.8,-119.8,
61,120.08,110.05,90.08,70.06,50.11,29.97,10.01,0.01,-9.96,-29.93,-49.9,-69.91,-88.81,-89.79,-109.81,-119.83,
62,120.08,110.04,90.11,70.06,50.11,29.96,9.98,0.01,-9.94,-29.94,-49.9,-69.91,-88.8,-89.83,-109.81,-119.8,
63,120.08,110.04,90.08,70.05,50.11,29.98,10.02,0.0,-9.97,-29.93,-49.88,-69.91,-88.8,-89.8,-109.81,-119.81,
64,120.09,110.02,90.11,70.06,50.13,29.97,9.97,0.0,-9.93,-29.94,-49.88,-69.88,-88.83,-89.81,-109.8,-119.81,
65,120.08,110.04,90.08,70.06,50.11,29.96,9.98,0.0,-9.94,-29.95,-49.88,-69.88,-88.8,-89.83,-109.81,-119.8,
66,120.12,110.01,90.09,70.04,50.11,29.97,10.0,0.01,-9.94,-29.95,-49.88,-69.91,-88.81,-89.79,-109.8,-119.8,
67,120.11,110.02,90.09,70.05,50.09,29.96,10.0,0.0,-9.97,-29.95,-49.9,-69.93,-88.8,-89.8,-109.8,-119.8,
68,120.12,110.02,90.09,70.05,50.11,29.97,9.98,-0.01,-9.97,-29.93,-49.9,-69.9,-88.83,-89.81,-109.8,-119.83,
69,120.08,110.04,90.12,70.08,50.11,29.97,9.98,0.0,-9.93,-29.92,-49.9,-69.9,-88.8,-89.81,-109.79,-119.8,
70,120.11,110.02,90.12,70.05,50.11,29.97,9.97,0.0,-9.97,-29.92,-49.9,-69.9,-88.81,-89.81,-109.81,-119.83,
71,120.12,110.05,90.12,70.05,50.11,29.98,10.0,-0.01,-9.96,-29.94,-49.86,-69.9,-88.81,-89.8,-109.8,-119.8,
72,120.11,110.01,90.13,70.08,50.13,30.0,10.0,0.0,-9.97,-29.92,-49.88,-69.9,-88.81,-89.8,-109.8,-119.8,
73,120.09,110.05,90.11,70.05,50.11,30.0,10.0,-0.01,-9.97,-29.94,-49.86,-69.9,-88.8,-89.79,-109.83,-119.8,
74,120.09,110.05,90.08,70.06,50.11,29.97,9.98,0.01,-9.94,-29.97,-49.88,-69.91,-88.81,-89.81,-109.81,-119.81,
75,120.08,110.04,90.09,70.05,50.11,29.96,9.97,0.0,-9.96,-29.92,-49.88,-69.87,-88.81,-89.8,-109.8,-119.8,
76,120.09,110.05,90.12,70.08,50.11,29.98,9.98,0.0,-9.97,-29.95,-49.91,-69.91,-88.81,-89.8,-109.8,-119.81,
77,120.09,110.01,90.08,70.05,50.13,29.96,10.0,-0.01,-9.97,-29.93,-49.9,-69.88,-88.8,-89.81,-109.8,-119.8,
78,120.09,110.05,90.09,70.05,50.09,29.97,10.02,0.0,-9.93,-29.93,-49.88,-69.88,-88.8,-89.8,-109.8,-119.8,
79,120.11,110.05,90.11,70.04,50.11,29.96,9.97,-0.01,-9.94,-29.95,-49.88,-69.91,-88.81,-89.8,-109.79,-119.8,
80,120.09,110.02,90.11,70.04,50.09,29.96,9.98,0.0,-9.96,-29.92,-49.86,-69.88,-88.8,-89.77,-109.81,-119.8,
81,120.09,110.02,90.08,70.05,50.11,29.96,10.0,-0.01,-9.94,-29.93,-49.9,-69.88,-88.8,-89.8,-109.79,-119.8,
82,120.09,110.04,90.12,70.05,50.09,29.95,9.97,0.0,-9.94,-29.95,-49.88,-69.88,-88.81,-89.8,-109.79,-119.8,
83,120.08,110.04,90.12,70.06,50.11,29.97,9.97,-0.01,-9.96,-29.94,-49.88,-69.91,-88.8,-89.81,-109.8,-119.81,
84,120.08,110.01,90.09,70.06,50.11,29.96,9.97,0.0,-9.97,-29.94,-49.9,-69.88,-88.81,-89.83,-109.83,-119.81,
85,120.09,110.04,90.11,70.06,50.11,29.98,9.98,0.01,-9.97,-29.94,-49.9,-69.91,-88.8,-89.8,-109.77,-119.8,
86,120.12,110.01,90.09,70.05,50.09,29.97,10.0,0.0,-9.96,-29.95,-49.9,-69.88,-88.81,-89.8,-109.79,-119.8,
87,120.12,110.04,90.09,70.05,50.13,29.97,10.0,-0.01,-9.97,-29.93,-49.88,-69.91,-88.8,-89.8,-109.8,-119.8,
88,120.11,110.05,90.08,70.08,50.13,29.96,10.0,0.01,-9.94,-29.89,-49.86,-69.93,-88.8,-89.81,-109.8,-119.81,
89,120.11,110.05,90.08,70.05,50.11,30.01,10.0,-0.01,-9.97,-29.93,-49.88,-69.9,-88.8,-89.8,-109.8,-119.8,
90,120.09,110.02,90.08,70.05,50.09,29.97,10.0,0.0,-9.96,-29.96,-49.9,-69.91,-88.8,-89.8,-109.81,-119.8,
91,120.08,110.01,90.08,70.05,50.11,29.97,9.97,0.0,-9.96,-29.95,-49.9,-69.9,-88.8,-89.8,-109.8,-119.8,
92,120.08,110.04,90.11,70.06,50.11,29.98,10.01,-0.01,-9.97,-29.9,-49.91,-69.93,-88.81,-89.8,-109.81,-119.81,
93,120.08,110.05,90.09,70.05,50.11,29.98,9.98,0.0,-9.96,-29.92,-49.9,-69.91,-88.81,-89.8,-109.81,-119.81,
94,120.08,110.01,90.08,70.05,50.11,29.96,10.0,0.0,-9.93,-29.92,-49.88,-69.9,-88.83,-89.81,-109.8,-119.81,
95,120.11,110.01,90.11,70.05,50.11,29.97,10.0,0.01,-9.94,-29.98,-49.86,-69.88,-88.8,-89.8,-109.8,-119.8,
96,120.08,110.04,90.11,70.05,50.11,29.98,10.0,0.0,-9.94,-29.92,-49.88,-69.9,-88.81,-89.81,-109.8,-119.8,
97,120.08,110.05,90.11,70.06,50.11,29.98,10.0,0.0,-9.97,-29.93,-49.88,-69.91,-88.81,-89.81,-109.8,-119.8,
98,120.11,110.04,90.09,70.05,50.11,29.97,9.98,0.0,-9.94,-29.95,-49.93,-69.86,-88.81,-89.8,-109.8,-119.79,
99,120.12,110.04,90.09,70.05,50.11,29.96,9.97,-0.01,-9.96,-29.95,-49.9,-69.88,-88.8,-89.79,-109.8,-119.8,
100,120.05,110.04,90.09,70.05,50.11,29.95,9.98,-0.02,-9.97,-29.94,-49.88,-69.88,-88.83,-89.8,-109.8,-119.8,
101,120.11,110.01,90.08,70.05,50.09,29.97,9.96,0.0,-9.96,-29.94,-49.88,-69.93,-88.8,-89.8,-109.8,-119.8,
102,120.08,110.02,90.11,70.08,50.09,29.96,9.98,0.0,-9.97,-29.94,-49.9,-69.9,-88.81,-89.8,-109.8,-119.8,
103,120.09,110.02,90.08,70.05,50.11,29.96,9.97,0.0,-9.97,-29.95,-49.88,-69.9,-88.8,-89.8,-109.81,-119.8,
104,120.11,110.01,90.12,70.05,50.11,29.97,9.97,-0.01,-9.98,-29.9,-49.9,-69.91,-88.8,-89.81,-109.8,-119.8,
105,120.12,110.04,90.11,70.05,50.11,29.98,9.98,-0.01,-9.96,-29.94,-49.86,-69.9,-88.8,-89.8,-109.8,-119.81,
106,120.09,110.02,90.11,70.05,50.11,29.96,10.01,0.0,-9.96,-29.94,-49.88,-69.93,-88.8,-89.77,-109.8,-119.8,
107,120.06,110.04,90.08,70.05,50.11,29.96,9.98,0.0,-9.97,-29.94,-49.88,-69.88,-88.81,-89.8,-109.83,-119.8,
108,120.08,110.04,90.09,70.05,50.11,29.98,9.97,0.0,-9.94,-29.95,-49.88,-69.91,-88.8,-89.79,-109.81,-119.8,
109,120.08,110.04,90.09,70.05,50.11,29.98,10.01,-0.01,-9.96,-29.95,-49.9,-69.94,-88.81,-89.83,-109.8,-119.8,
110,120.09,110.02,90.11,70.05,50.11,29.97,9.98,0.0,-9.96,-29.93,-49.88,-69.9,-88.81,-89.81,-109.81,-119.81,
111,120.12,110.02,90.09,70.08,50.11,29.97,10.0,0.0,-9.96,-29.95,-49.88,-69.9,-88.83,-89.81,-109.8,-119.8,
112,120.06,110.04,90.09,70.05,50.11,29.98,9.98,0.0,-9.93,-29.95,-49.88,-69.91,-88.83,-89.8,-109.8,-119.83,
113,120.08,110.05,90.08,70.05,50.11,29.97,9.98,0.0,-9.96,-29.95,-49.88,-69.91,-88.8,-89.8,-109.81,-119.83,
114,120.08,110.02,90.11,70.05,50.11,29.95,9.98,0.0,-9.93,-29.94,-49.9,-69.88,-88.8,-89.8,-109.83,-119.81,
115,120.09,110.02,90.08,70.05,50.09,29.97,10.0,-0.02,-9.97,-29.95,-49.88,-69.9,-88.8,-89.79,-109.79,-119.79,
116,120.09,110.05,90.09,70.05,50.11,29.98,10.0,-0.01,-9.97,-29.94,-49.86,-69.88,-88.8,-89.8,-109.81,-119.81,
117,120.09,110.01,90.09,70.05,50.09,29.97,10.0,0.0,-9.97,-29.93,-49.9,-69.94,-88.81,-89.8,-109.79,-119.79,
118,120.06,110.02,90.08,70.05,50.09,29.95,9.96,-0.01,-9.94,-29.94,-49.86,-69.9,-88.8,-89.77,-109.76,-119.79,
119,120.08,110.04,90.08,70.04,50.11,29.97,9.98,-0.01,-9.96,-29.95,-49.88,-69.91,-88.8,-89.79,-109.8,-119.8,
120,120.08,110.04,90.09,70.05,50.11,29.97,9.97,0.0,-9.97,-29.93,-49.9,-69.91,-88.81,-89.83,-109.8,-119.8,
121,120.08,110.04,90.08,70.05,50.11,29.97,9.98,0.0,-9.96,-29.94,-49.86,-69.87,-88.8,-89.8,-109.8,-119.8,
122,120.09,110.02,90.08,70.05,50.09,29.97,10.02,0.0,-9.94,-29.93,-49.9,-69.88,-88.8,-89.8,-109.8,-119.8,
123,120.09,110.02,90.11,70.05,50.11,29.96,9.98,0.0,-9.97,-29.93,-49.88,-69.91,-88.83,-89.8,-109.81,-119.8,
124,120.08,110.02,90.11,70.05,50.11,29.97,10.01,0.0,-9.97,-29.95,-49.88,-69.9,-88.83,-89.8,-109.81,-119.81,
125,120.08,110.02,90.08,70.05,50.11,29.98,10.0,0.0,-9.94,-29.94,-49.88,-69.91,-88.8,-89.8,-109.8,-119.83,
126,120.08,110.02,90.11,70.06,50.11,29.97,10.0,-0.01,-9.97,-29.93,-49.9,-69.91,-88.79,-89.8,-109.8,-119.8,
127,120.09,110.04,90.11,70.02,50.13,29.97,9.97,0.01,-9.93,-29.93,-49.9,-69.9,-88.8,-89.8,-109.81,-119.81,
128,120.08,110.04,90.09,70.05,50.13,29.96,9.98,0.0,-9.96,-29.9,-49.9,-69.93,-88.8,-89.81,-109.8,-119.8,
129,120.08,110.02,90.09,70.05,50.09,29.98,10.01,0.0,-9.96,-29.92,-49.9,-69.88,-88.79,-89.81,-109.8,-119.8,
130,120.12,110.02,90.08,70.05,50.11,29.98,10.01,0.01,-9.94,-29.95,-49.88,-69.91,-88.8,-89.8,-109.8,-119.8,
131,120.08,110.02,90.11,70.05,50.09,29.98,9.98,0.01,-9.94,-29.92,-49.9,-69.9,-88.81,-89.8,-109.8,-119.81,
132,120.08,110.02,90.11,70.05,50.11,29.98,9.98,0.0,-9.97,-29.93,-49.9,-69.9,-88.81,-89.81,-109.83,-119.8,
133,120.09,110.05,90.08,70.05,50.11,29.98,10.0,0.0,-9.93,-29.93,-49.88,-69.93,-88.81,-89.8,-109.8,-119.81,
134,120.09,110.02,90.09,70.05,50.09,30.0,10.0,0.01,-9.94,-29.94,-49.88,-69.93,-88.8,-89.81,-109.8,-119.8,
135,120.09,110.05,90.12,70.08,50.13,29.98,10.0,0.0,-9.97,-29.94,-49.88,-69.91,-88.83,-89.8,-109.81,-119.81,
136,120.08,110.04,90.09,70.06,50.13,30.01,10.0,0.0,-9.96,-29.94,-49.86,-69.91,-88.81,-89.83,-109.8,-119.83,
137,120.11,110.04,90.08,70.05,50.15,30.0,10.02,0.0,-9.96,-29.93,-49.88,-69.91,-88.8,-89.8,-109.81,-119.83,
138,120.11,110.05,90.11,70.05,50.13,29.98,10.02,0.02,-9.93,-29.93,-49.88,-69.91,-88.81,-89.83,-109.8,-119.8,
139,120.09,110.02,90.09,70.05,50.13,30.0,10.0,0.01,-9.93,-29.95,-49.88,-69.9,-88.8,-89.8,-109.83,-119.81,
140,120.11,110.04,90.11,70.05,50.11,30.0,10.01,0.0,-9.97,-29.93,-49.9,-69.91,-88.83,-89.81,-109.81,-119.8,
141,120.08,110.02,90.09,70.05,50.09,29.98,10.01,0.0,-9.97,-29.94,-49.86,-69.9,-88.8,-89.79,-109.8,-119.81,
142,120.06,110.04,90.11,70.04,50.11,30.0,10.0,0.0,-9.93,-29.94,-49.86,-69.9,-88.79,-89.79,-109.81,-119.8,
143,120.09,110.04,90.09,70.04,50.09,29.98,10.0,0.01,-9.94,-29.94,-49.88,-69.87,-88.81,-89.81,-109.8,-119.81,
144,120.08,110.01,90.08,70.05,50.11,29.98,9.98,0.0,-9.93,-29.92,-49.88,-69.88,-88.81,-89.77,-109.8,-119.8,
145,120.11,110.04,90.08,70.05,50.09,30.01,10.0,0.02,-9.94,-29.94,-49.88,-69.9,-88.81,-89.8,-109.8,-119.8,
146,120.06,110.05,90.11,70.05,50.11,30.0,9.98,0.0,-9.96,-29.93,-49.88,-69.9,-88.81,-89.81,-109.8,-119.8,
147,120.09,110.02,90.11,70.05,50.11,29.97,9.98,0.01,-9.93,-29.94,-49.88,-69.87,-88.81,-89.8,-109.79,-119.8,
148,120.12,110.02,90.09,70.06,50.11,29.98,10.02,0.01,-9.94,-29.94,-49.88,-69.87,-88.8,-89.8,-109.81,-119.8,
149,120.09,110.01,90.11,70.06,50.09,29.98,10.0,0.0,-9.97,-29.93,-49.86,-69.91,-88.81,-89.8,-109.8,-119.8,
150,120.08,110.02,90.09,70.05,50.11,29.98,10.0,-0.02,-9.97,-29.93,-49.9,-69.87,-88.8,-89.8,-109.8,-119.8,
151,120.09,110.01,90.11,70.05,50.11,29.95,10.01,0.0,-9.96,-29.94,-49.86,-69.9,-88.8,-89.8,-109.79,-119.8,
152,120.08,110.04,90.08,70.04,50.11,29.97,10.01,0.0,-9.94,-29.93,-49.88,-69.9,-88.8,-89.8,-109.8,-119.8,
153,120.08,110.02,90.09,70.06,50.09,29.97,10.01,0.0,-9.94,-29.94,-49.88,-69.91,-88.81,-89.8,-109.8,-119.79,
154,120.09,110.04,90.08,70.06,50.11,29.97,10.0,0.0,-9.96,-29.9,-49.88,-69.91,-88.81,-89.79,-109.8,-119.8,
155,120.08,110.01,90.11,70.05,50.11,29.96,10.0,0.0,-9.94,-29.93,-49.88,-69.9,-88.8,-89.76,-109.8,-119.79,
156,120.09,110.05,90.11,70.05,50.11,29.97,10.0,-0.01,-9.94,-29.93,-49.9,-69.91,-88.8,-89.8,-109.8,-119.8,
157,120.08,110.05,90.08,70.04,50.11,30.01,10.0,0.0,-9.96,-29.89,-49.88,-69.87,-88.8,-89.8,-109.8,-119.81,
158,120.08,110.05,90.11,70.06,50.09,29.98,10.0,0.0,-9.96,-29.9,-49.88,-69.91,-88.8,-89.8,-109.8,-119.81,
159,120.11,110.01,90.11,70.05,50.11,29.98,9.98,0.0,-9.94,-29.92,-49.84,-69.91,-88.8,-89.8,-109.8,-119.8,
160,120.08,110.02,90.09,70.05,50.09,29.98,10.0,0.01,-9.93,-29.93,-49.9,-69.88,-88.81,-89.8,-109.81,-119.8,
161,120.08,110.05,90.08,70.08,50.09,29.97,10.02,0.0,-9.96,-29.94,-49.9,-69.88,-88.79,-89.8,-109.8,-119.81,
162,120.08,110.05,90.08,70.05,50.09,29.98,9.97,0.0,-9.96,-29.92,-49.9,-69.93,-88.8,-89.81,-109.81,-119.81,
163,120.08,110.01,90.09,70.05,50.09,30.0,10.01,0.0,-9.96,-29.93,-49.86,-69.87,-88.8,-89.8,-109.8,-119.83,
164,120.09,110.02,90.09,70.05,50.11,29.98,10.0,0.0,-9.93,-29.92,-49.88,-69.9,-88.81,-89.8,-109.8,-119.8,
165,120.08,110.02,90.09,70.05,50.11,30.0,9.98,0.0,-9.97,-29.92,-49.88,-69.91,-88.8,-89.79,-109.81,-119.8,
166,120.09,110.04,90.11,70.05,50.11,29.98,10.01,0.01,-9.93,-29.92,-49.88,-69.91,-88.8,-89.8,-109.81,-119.8,
167,120.08,110.02,90.11,70.05,50.13,29.98,10.0,0.0,-9.97,-29.94,-49.88,-69.88,-88.8,-89.81,-109.83,-119.81,
168,120.08,110.04,90.09,70.04,50.11,29.97,9.98,0.0,-9.96,-29.95,-49.88,-69.93,-88.8,-89.8,-109.8,-119.81,
169,120.09,110.05,90.09,70.05,50.13,29.97,10.0,0.0,-9.96,-29.92,-49.9,-69.88,-88.8,-89.79,-109.8,-119.81,
170,120.08,110.02,90.09,70.06,50.11,29.98,10.01,-0.01,-9.94,-29.9,-49.9,-69.88,-88.8,-89.8,-109.81,-119.81,
171,120.11,110.02,90.11,70.06,50.11,29.98,10.01,0.02,-9.94,-29.93,-49.88,-69.87,-88.8,-89.8,-109.8,-119.8,
172,120.08,110.02,90.08,70.05,50.09,29.98,9.98,0.0,-9.96,-29.95,-49.88,-69.88,-88.8,-89.8,-109.83,-119.8,
173,120.08,110.04,90.11,70.06,50.13,29.98,9.98,0.0,-9.96,-29.92,-49.86,-69.9,-88.81,-89.77,-109.81,-119.8,
174,120.09,110.06,90.09,70.06,50.11,29.97,10.01,0.0,-9.94,-29.92,-49.9,-69.91,-88.83,-89.8,-109.79,-119.81,
175,120.09,110.01,90.08,70.05,50.13,29.98,10.0,0.0,-9.93,-29.92,-49.88,-69.91,-88.83,-89.8,-109.81,-119.81,
176,120.08,110.04,90.11,70.05,50.11,29.97,9.98,0.0,-9.94,-29.93,-49.88,-69.91,-88.8,-89.8,-109.8,-119.8,
177,120.09,110.04,90.08,70.06,50.09,29.97,9.98,0.01,-9.96,-29.9,-49.88,-69.9,-88.8,-89.8,-109.8,-119.81,
178,120.08,110.01,90.09,70.05,50.11,30.0,10.0,0.0,-9.94,-29.93,-49.88,-69.88,-88.81,-89.8,-109.83,-119.8,
179,120.11,110.02,90.08,70.04,50.11,29.98,10.0,0.01,-9.93,-29.93,-49.86,-69.9,-88.81,-89.79,-109.8,-119.83,
180,120.08,110.04,90.11,70.05,50.11,29.98,9.98,-0.02,-9.97,-29.95,-49.88,-69.9,-88.8,-89.8,-109.8,-119.8,
181,120.08,110.05,90.08,70.05,50.11,29.97,10.0,0.01,-9.94,-29.92,-49.88,-69.88,-88.81,-89.8,-109.79,-119.8,
182,120.08,110.02,90.08,70.05,50.11,29.97,9.97,0.01,-9.97,-29.92,-49.88,-69.93,-88.8,-89.79,-109.8,-119.8,
183,120.11,110.04,90.11,70.05,50.11,29.97,9.98,0.0,-9.96,-29.9,-49.88,-69.91,-88.81,-89.79,-109.81,-119.81,
184,120.09,110.02,90.08,70.05,50.11,29.98,10.01,-0.03,-9.96,-29.94,-49.88,-69.94,-88.81,-89.8,-109.8,-119.8,
185,120.06,110.01,90.11,70.05,50.11,29.95,10.0,0.0,-9.94,-29.92,-49.88,-69.9,-88.8,-89.8,-109.8,-119.8,
186,120.08,110.02,90.09,70.05,50.09,29.97,10.0,-0.01,-9.94,-29.93,-49.88,-69.88,-88.77,-89.79,-109.79,-119.79,
187,120.09,110.02,90.11,70.05,50.11,29.96,9.97,0.0,-9.96,-29.9,-49.86,-69.9,-88.8,-89.79,-109.81,-119.8,
188,120.08,110.02,90.12,70.05,50.11,29.97,9.97,0.0,-9.93,-29.93,-49.86,-69.91,-88.83,-89.81,-109.8,-119.81,
189,120.08,110.01,90.12,70.05,50.11,29.98,9.98,0.0,-9.93,-29.94,-49.9,-69.9,-88.8,-89.8,-109.8,-119.81,
190,120.06,110.01,90.11,70.04,50.11,29.97,10.0,0.0,-9.94,-29.93,-49.88,-69.9,-88.8,-89.81,-109.83,-119.8,
191,120.08,110.01,90.11,70.05,50.09,29.97,10.01,0.0,-9.97,-29.94,-49.9,-69.88,-88.8,-89.77,-109.8,-119.83,
192,120.08,110.02,90.08,70.05,50.11,30.0,10.0,0.0,-9.93,-29.94,-49.86,-69.87,-88.8,-89.81,-109.81,-119.8,
193,120.08,110.01,90.08,70.05,50.11,29.98,9.98,0.0,-9.93,-29.94,-49.86,-69.9,-88.8,-89.81,-109.79,-119.8,
194,120.08,110.04,90.06,70.05,50.09,29.96,9.98,0.03,-9.93,-29.92,-49.88,-69.87,-88.8,-89.8,-109.8,-119.8,
195,120.06,110.04,90.09,70.05,50.13,29.98,10.0,0.0,-9.96,-29.94,-49.9,-69.87,-88.81,-89.8,-109.8,-119.8,
196,120.09,110.01,90.08,70.04,50.09,29.96,10.0,-0.01,-9.96,-29.92,-49.88,-69.9,-88.8,-89.79,-109.8,-119.8,
197,120.08,110.02,90.11,70.05,50.11,30.0,10.0,0.0,-9.94,-29.93,-49.91,-69.87,-88.8,-89.8,-109.8,-119.81,
198,120.09,110.01,90.08,70.05,50.11,29.98,9.98,0.0,-9.96,-29.95,-49.9,-69.87,-88.81,-89.79,-109.8,-119.77,
199,120.09,110.01,90.08,70.05,50.09,29.97,10.0,0.0,-9.94,-29.92,-49.88,-69.91,-88.81,-89.81,-109.8,-119.81,
200,120.09,110.04,90.12,70.05,50.11,29.98,9.98,0.01,-9.94,-29.92,-49.86,-69.93,-88.8,-89.8,-109.8,-119.8,
201,120.09,110.02,90.11,70.06,50.09,29.95,10.0,0.0,-9.93,-29.9,-49.88,-69.88,-88.79,-89.76,-109.79,-119.81,
202,120.06,110.01,90.08,70.05,50.09,29.98,10.0,0.02,-9.94,-29.94,-49.86,-69.91,-88.8,-89.8,-109.81,-119.81,
203,120.08,110.01,90.08,70.06,50.11,30.0,9.98,0.0,-9.97,-29.94,-49.86,-69.91,-88.81,-89.8,-109.81,-119.8,
204,120.09,110.04,90.11,70.08,50.09,30.0,10.0,0.0,-9.96,-29.93,-49.88,-69.9,-88.8,-89.79,-109.79,-119.81,
205,120.09,110.05,90.09,70.06,50.13,29.98,9.98,0.0,-9.94,-29.9,-49.88,-69.88,-88.79,-89.79,-109.81,-119.8,
206,120.08,110.01,90.08,70.05,50.09,29.98,10.0,0.0,-9.94,-29.94,-49.9,-69.9,-88.81,-89.8,-109.8,-119.81,
207,120.11,110.04,90.09,70.05,50.11,29.97,10.0,0.02,-9.94,-29.9,-49.88,-69.88,-88.81,-89.8,-109.8,-119.8,
208,120.08,110.01,90.08,70.05,50.11,29.98,9.97,0.0,-9.96,-29.92,-49.88,-69.91,-88.81,-89.79,-109.79,-119.81,
209,120.08,110.02,90.09,70.05,50.09,30.0,10.0,0.0,-9.97,-29.95,-49.88,-69.87,-88.8,-89.8,-109.83,-119.81,
210,120.09,110.05,90.08,70.06,50.11,30.0,10.01,0.0,-9.93,-29.92,-49.88,-69.87,-88.8,-89.79,-109.8,-119.81,
211,120.08,110.01,90.09,70.05,50.11,30.0,9.98,0.02,-9.93,-29.93,-49.88,-69.88,-88.81,-89.8,-109.8,-119.81,
212,120.08,110.05,90.11,70.05,50.11,29.98,10.0,0.0,-9.93,-29.95,-49.86,-69.86,-88.83,-89.81,-109.81,-119.8,
213,120.08,110.04,90.09,70.05,50.11,29.98,9.98,0.03,-9.92,-29.93,-49.9,-69.9,-88.81,-89.8,-109.8,-119.81,
214,120.11,110.02,90.11,70.05,50.11,30.0,9.98,0.0,-9.93,-29.93,-49.86,-69.9,-88.83,-89.79,-109.8,-119.8,
215,120.05,110.02,90.11,70.05,50.09,29.97,10.0,0.0,-9.97,-29.93,-49.9,-69.9,-88.79,-89.8,-109.8,-119.81,
216,120.08,110.02,90.06,70.05,50.09,29.97,10.01,0.0,-9.93,-29.92,-49.88,-69.87,-88.8,-89.8,-109.8,-119.8,
217,120.09,110.02,90.09,70.05,50.11,29.97,9.98,-0.01,-9.94,-29.93,-49.88,-69.9,-88.81,-89.8,-109.8,-119.8,
218,120.09,110.04,90.11,70.04,50.11,29.98,10.0,0.01,-9.96,-29.95,-49.88,-69.87,-88.77,-89.81,-109.8,-119.8,
219,120.06,110.04,90.09,70.05,50.09,30.0,10.0,0.03,-9.96,-29.94,-49.9,-69.9,-88.8,-89.8,-109.8,-119.8,
220,120.08,110.02,90.11,70.06,50.11,30.0,9.98,0.0,-9.96,-29.93,-49.86,-69.9,-88.8,-89.79,-109.8,-119.83,
221,120.08,110.02,90.09,70.05,50.13,30.0,9.98,0.0,-9.93,-29.92,-49.9,-69.9,-88.8,-89.8,-109.83,-119.8,
222,120.09,110.02,90.09,70.05,50.11,29.97,10.0,0.0,-9.94,-29.93,-49.9,-69.91,-88.8,-89.8,-109.8,-119.8,
223,120.08,110.01,90.11,70.05,50.11,29.96,9.98,0.0,-9.94,-29.94,-49.88,-69.88,-88.79,-89.8,-109.81,-119.81,
224,120.09,110.04,90.12,70.05,50.11,29.97,10.0,0.0,-9.94,-29.93,-49.88,-69.88,-88.8,-89.8,-109.79,-119.83,
225,120.09,110.01,90.11,70.05,50.09,29.96,9.98,0.0,-9.93,-29.94,-49.88,-69.9,-88.81,-89.81,-109.81,-119.81,
226,120.08,110.04,90.11,70.05,50.11,29.97,9.97,0.01,-9.94,-29.92,-49.9,-69.87,-88.83,-89.8,-109.8,-119.8,
227,120.08,110.04,90.08,70.05,50.11,29.98,9.98,0.01,-9.97,-29.93,-49.88,-69.88,-88.8,-89.8,-109.8,-119.8,
228,120.08,110.05,90.11,70.05,50.13,29.96,10.0,0.0,-9.93,-29.94,-49.9,-69.91,-88.8,-89.79,-109.79,-119.81,
229,120.08,110.04,90.09,70.05,50.11,29.98,9.98,0.0,-9.93,-29.93,-49.88,-69.88,-88.81,-89.8,-109.81,-119.81,
230,120.09,110.04,90.11,70.05,50.09,30.0,9.97,0.0,-9.96,-29.93,-49.9,-69.9,-88.8,-89.8,-109.8,-119.81,
231,120.11,110.01,90.08,70.05,50.09,29.98,10.0,0.0,-9.94,-29.9,-49.86,-69.88,-88.8,-89.8,-109.8,-119.81,
232,120.05,110.01,90.08,70.05,50.11,29.98,10.0,0.0,-9.96,-29.9,-49.86,-69.88,-88.77,-89.8,-109.8,-119.8,
233,120.11,110.01,90.09,70.05,50.13,29.97,9.98,0.0,-9.93,-29.9,-49.86,-69.9,-88.83,-89.8,-109.81,-119.81,
234,120.08,110.02,90.09,70.05,50.11,29.95,10.0,0.0,-9.96,-29.94,-49.86,-69.9,-88.8,-89.8,-109.79,-119.8,
235,120.11,110.04,90.11,70.04,50.09,29.97,9.97,-0.01,-9.96,-29.92,-49.88,-69.84,-88.8,-89.8,-109.81,-119.8,
236,120.08,110.02,90.11,70.04,50.11,29.98,10.0,0.0,-9.96,-29.89,-49.9,-69.9,-88.81,-89.8,-109.8,-119.8,
237,120.08,110.05,90.09,70.05,50.11,30.0,9.97,0.0,-9.96,-29.92,-49.9,-69.91,-88.8,-89.8,-109.8,-119.8,
238,120.11,110.02,90.08,70.05,50.11,29.98,9.98,0.0,-9.96,-29.92,-49.86,-69.88,-88.8,-89.76,-109.8,-119.8,
239,120.06,110.01,90.09,70.05,50.09,29.97,9.97,0.0,-9.96,-29.93,-49.9,-69.91,-88.8,-89.77,-109.8,-119.8,
240,120.09,110.04,90.09,70.01,50.11,29.98,9.97,0.0,-9.94,-29.9,-49.88,-69.93,-88.83,-89.8,-109.8,-119.8,
241,120.08,110.05,90.06,70.04,50.09,29.97,9.98,-0.02,-9.94,-29.95,-49.88,-69.9,-88.8,-89.8,-109.83,-119.8,
242,120.08,110.01,90.08,70.05,50.11,29.98,9.98,0.01,-9.93,-29.92,-49.88,-69.9,-88.8,-89.81,-109.81,-119.8,
243,120.09,110.04,90.09,70.04,50.09,29.98,10.0,0.0,-9.93,-29.93,-49.88,-69.87,-88.79,-89.8,-109.8,-119.79,
244,120.09,110.04,90.11,70.05,50.11,29.97,10.01,0.01,-9.93,-29.95,-49.9,-69.9,-88.8,-89.8,-109.8,-119.8,
245,120.08,110.01,90.09,70.06,50.11,30.0,9.98,-0.01,-9.96,-29.9,-49.88,-69.9,-88.8,-89.8,-109.8,-119.81,
246,120.09,110.05,90.09,70.05,50.09,29.98,10.0,0.01,-9.96,-29.94,-49.9,-69.91,-88.81,-89.79,-109.8,-119.8,
247,120.08,110.04,90.09,70.05,50.11,29.95,9.98,0.0,-9.96,-29.9,-49.9,-69.91,-88.8,-89.8,-109.8,-119.79,
248,120.08,110.01,90.08,70.02,50.09,30.0,9.98,0.01,-9.94,-29.93,-49.88,-69.88,-88.8,-89.79,-109.81,-119.8,
249,120.08,110.05,90.09,70.02,50.11,29.96,9.98,-0.01,-9.94,-29.94,-49.88,-69.91,-88.83,-89.79,-109.83,-119.8,
250,120.11,110.02,90.12,70.05,50.09,29.98,9.98,-0.01,-9.93,-29.9,-49.86,-69.9,-88.8,-89.79,-109.8,-119.8,
251,120.08,110.02,90.09,70.06,50.11,29.98,9.97,0.0,-9.96,-29.92,-49.88,-69.91,-88.8,-89.81,-109.81,-119.8,
252,120.09,110.01,90.11,70.05,50.11,30.0,9.97,0.0,-9.93,-29.9,-49.86,-69.91,-88.8,-89.8,-109.81,-119.81,
253,120.11,110.05,90.09,70.06,50.11,29.96,9.98,-0.02,-9.94,-29.95,-49.88,-69.88,-88.81,-89.79,-109.8,-119.8,
254,120.06,110.01,90.09,70.05,50.11,30.0,9.97,0.0,-9.96,-29.93,-49.88,-69.9,-88.81,-89.8,-109.8,-119.8,
255,120.08,110.01,90.08,70.05,50.09,29.97,10.0,0.0,-9.97,-29.93,-49.88,-69.91,-88.8,-89.79,-109.83,-119.8,
256,120.08,110.01,90.09,70.04,50.11,29.97,10.01,0.0,-9.94,-29.93,-49.86,-69.93,-88.8,-89.77,-109.83,-119.8,
257,120.12,110.02,90.09,70.05,50.09,29.98,9.98,0.0,-9.94,-29.94,-49.88,-69.91,-88.8,-89.8,-109.83,-119.81,
258,120.08,110.01,90.09,70.04,50.11,29.96,10.0,0.0,-9.93,-29.95,-49.86,-69.88,-88.81,-89.79,-109.8,-119.8,
259,120.08,110.01,90.08,70.05,50.09,29.97,9.98,0.0,-9.94,-29.93,-49.88,-69.9,-88.79,-89.8,-109.8,-119.8,
260,120.08,110.02,90.11,70.05,50.11,29.95,9.98,0.0,-9.96,-29.89,-49.88,-69.9,-88.81,-89.8,-109.8,-119.8,
261,120.08,110.04,90.11,70.06,50.11,29.95,10.0,0.0,-9.96,-29.93,-49.86,-69.87,-88.8,-89.8,-109.8,-119.8,
262,120.08,110.01,90.08,70.05,50.13,29.97,10.0,-0.01,-9.96,-29.95,-49.86,-69.9,-88.8,-89.8,-109.81,-119.8,
263,120.08,110.02,90.12,70.05,50.09,29.97,10.01,0.01,-9.93,-29.93,-49.88,-69.88,-88.79,-89.8,-109.8,-119.8,
264,120.06,110.01,90.09,70.05,50.11,29.97,10.01,0.0,-9.94,-29.95,-49.88,-69.88,-88.81,-89.8,-109.8,-119.8,
265,120.11,110.02,90.11,70.05,50.13,29.97,9.97,0.01,-9.93,-29.92,-49.88,-69.88,-88.81,-89.81,-109.8,-119.8,
266,120.08,110.01,90.11,70.04,50.11,29.98,10.0,0.0,-9.96,-29.93,-49.88,-69.91,-88.8,-89.79,-109.8,-119.8,
267,120.09,110.01,90.11,70.04,50.13,29.97,10.02,0.0,-9.93,-29.93,-49.9,-69.88,-88.81,-89.8,-109.81,-119.8,
268,120.08,110.04,90.11,70.05,50.11,29.96,9.98,0.03,-9.94,-29.94,-49.88,-69.9,-88.77,-89.8,-109.8,-119.8,
269,120.11,110.02,90.09,70.08,50.13,29.97,10.0,0.01,-9.94,-29.92,-49.88,-69.87,-88.8,-89.77,-109.8,-119.8,
270,120.08,110.02,90.09,70.05,50.11,30.0,10.0,0.0,-9.94,-29.92,-49.88,-69.91,-88.8,-89.81,-109.81,-119.8,
271,120.09,110.04,90.08,70.05,50.11,29.98,10.02,0.0,-9.94,-29.94,-49.86,-69.88,-88.8,-89.8,-109.8,-119.81,
272,120.09,110.01,90.12,70.05,50.09,29.97,10.0,0.0,-9.93,-29.93,-49.88,-69.9,-88.83,-89.8,-109.81,-119.81,
273,120.08,110.04,90.09,70.06,50.11,29.97,10.01,0.01,-9.93,-29.9,-49.9,-69.88,-88.8,-89.8,-109.83,-119.8,
274,120.09,110.01,90.11,70.05,50.11,29.98,10.01,0.02,-9.97,-29.89,-49.88,-69.9,-88.83,-89.8,-109.81,-119.81,
275,120.09,110.02,90.08,70.06,50.13,30.0,9.98,0.0,-9.94,-29.92,-49.86,-69.88,-88.8,-89.76,-109.8,-119.8,
276,120.09,110.0,90.09,70.05,50.11,29.97,10.0,0.0,-9.96,-29.92,-49.86,-69.88,-88.8,-89.8,-109.8,-119.81,
277,120.06,110.01,90.09,70.05,50.11,29.98,9.98,0.0,-9.93,-29.9,-49.9,-69.88,-88.81,-89.8,-109.8,-119.8,
278,120.08,110.05,90.08,70.06,50.11,30.01,10.01,-0.01,-9.93,-29.93,-49.88,-69.88,-88.81,-89.8,-109.8,-119.8,
279,120.08,110.02,90.09,70.06,50.11,30.0,10.01,-0.01,-9.96,-29.93,-49.9,-69.88,-88.8,-89.83,-109.81,-119.83,
280,120.06,110.0,90.09,70.05,50.11,30.0,10.0,0.0,-9.93,-29.92,-49.86,-69.9,-88.81,-89.8,-109.81,-119.8,
281,120.11,110.02,90.11,70.08,50.11,30.0,10.0,0.0,-9.94,-29.89,-49.86,-69.91,-88.8,-89.8,-109.81,-119.8,
282,120.06,110.04,90.12,70.05,50.11,30.0,10.0,0.02,-9.93,-29.95,-49.88,-69.91,-88.8,-89.8,-109.8,-119.8,
283,120.08,110.05,90.11,70.06,50.11,29.98,10.01,0.0,-9.97,-29.93,-49.9,-69.87,-88.83,-89.8,-109.83,-119.81,
284,120.11,110.04,90.09,70.05,50.13,29.97,10.01,0.0,-9.94,-29.9,-49.88,-69.9,-88.8,-89.81,-109.8,-119.83,
285,120.08,110.02,90.08,70.06,50.11,29.98,9.98,0.01,-9.97,-29.93,-49.88,-69.91,-88.83,-89.77,-109.81,-119.81,
286,120.09,110.04,90.12,70.05,50.11,29.98,10.02,0.0,-9.93,-29.94,-49.88,-69.9,-88.83,-89.8,-109.83,-119.8,
287,120.08,110.05,90.08,70.06,50.11,29.97,10.02,0.0,-9.97,-29.95,-49.88,-69.87,-88.81,-89.81,-109.8,-119.83,
288,120.09,110.01,90.11,70.06,50.11,29.98,10.01,0.0,-9.94,-29.94,-49.86,-69.91,-88.8,-89.8,-109.83,-119.83,
289,120.08,110.02,90.12,70.05,50.11,30.0,10.0,0.0,-9.96,-29.92,-49.9,-69.9,-88.83,-89.8,-109.8,-119.81,
290,120.08,110.04,90.09,70.05,50.13,29.98,10.01,0.0,-9.94,-29.89,-49.86,-69.87,-88.8,-89.79,-109.83,-119.8,
291,120.08,110.02,90.09,70.05,50.11,30.0,10.01,0.0,-9.93,-29.92,-49.88,-69.93,-88.8,-89.8,-109.81,-119.81,
292,120.08,110.02,90.09,70.06,50.11,30.0,10.0,0.0,-9.94,-29.94,-49.9,-69.98,-88.8,-89.81,-109.81,-119.81,
293,120.06,110.02,90.11,70.05,50.13,30.0,10.02,0.01,-9.94,-29.94,-49.88,-69.91,-88.8,-89.81,-109.8,-119.8,
294,120.08,110.04,90.09,70.05,50.13,29.98,10.02,-0.01,-9.97,-29.94,-49.9,-69.9,-88.81,-89.8,-109.8,-119.8,
295,120.06,110.02,90.08,70.05,50.13,29.97,9.98,0.01,-9.94,-29.94,-49.9,-69.9,-88.8,-89.81,-109.81,-119.83,
296,120.08,110.01,90.08,70.05,50.11,29.97,9.97,0.0,-9.97,-29.92,-49.88,-69.91,-88.81,-89.8,-109.83,-119.83,
297,120.08,110.02,90.09,70.05,50.11,29.96,9.98,0.0,-9.93,-29.95,-49.88,-69.88,-88.81,-89.8,-109.8,-119.8,
298,120.08,110.01,90.08,70.05,50.11,29.96,10.0,-0.02,-9.97,-29.93,-49.88,-69.9,-88.81,-89.8,-109.8,-119.81,
299,120.08,110.01,90.08,70.04,50.09,29.97,9.98,0.0,-9.97,-29.95,-49.88,-69.94,-88.81,-89.81,-109.8,-119.8,
300,120.12,110.01,90.08,70.04,50.11,29.95,9.98,0.0,-9.97,-29.94,-49.88,-69.9,-88.8,-89.81,-109.81,-119.8,
301,120.08,110.01,90.12,70.06,50.11,29.96,9.97,0.0,-9.93,-29.93,-49.86,-69.87,-88.8,-89.8,-109.81,-119.8,
302,120.08,110.0,90.08,70.05,50.09,30.0,9.98,0.0,-9.97,-29.94,-49.86,-69.9,-88.8,-89.81,-109.81,-119.8,
303,120.11,110.01,90.09,70.05,50.11,29.96,9.97,0.0,-9.97,-29.94,-49.88,-69.86,-88.8,-89.79,-109.8,-119.81,
304,120.08,110.04,90.09,70.05,50.09,29.97,10.0,0.01,-9.96,-29.92,-49.88,-69.91,-88.8,-89.8,-109.81,-119.79,
305,120.08,110.02,90.09,70.06,50.11,29.97,9.98,-0.01,-9.96,-29.92,-49.9,-69.9,-88.8,-89.8,-109.81,-119.79,
306,120.08,110.05,90.11,70.06,50.13,30.0,9.97,0.0,-9.96,-29.93,-49.88,-69.87,-88.81,-89.8,-109.8,-119.8,
307,120.11,110.02,90.11,70.06,50.09,29.96,10.01,0.0,-9.96,-29.95,-49.88,-69.84,-88.81,-89.8,-109.8,-119.8,
308,120.08,110.02,90.08,70.05,50.13,30.01,9.98,0.0,-9.96,-29.94,-49.88,-69.88,-88.8,-89.81,-109.8,-119.79,
309,120.08,110.04,90.08,70.05,50.11,30.0,10.0,0.0,-9.96,-29.93,-49.9,-69.91,-88.81,-89.8,-109.8,-119.8,
310,120.09,110.05,90.09,70.05,50.09,29.97,9.98,0.0,-9.94,-29.94,-49.88,-69.9,-88.81,-89.8,-109.8,-119.8,
311,120.09,110.01,90.09,70.06,50.13,30.0,10.0,0.0,-9.94,-29.95,-49.88,-69.91,-88.83,-89.79,-109.81,-119.83,
312,120.11,110.04,90.11,70.05,50.09,29.98,9.97,0.0,-9.96,-29.95,-49.9,-69.91,-88.8,-89.8,-109.8,-119.81,
313,120.09,110.01,90.09,70.05,50.13,29.97,9.98,0.0,-9.96,-29.9,-49.9,-69.91,-88.81,-89.8,-109.8,-119.8,
314,120.11,110.04,90.11,70.05,50.11,29.98,9.98,0.0,-9.93,-29.89,-49.9,-69.9,-88.8,-89.8,-109.81,-119.8,
315,120.09,110.01,90.11,70.05,50.11,29.98,9.97,0.0,-9.94,-29.94,-49.86,-69.91,-88.83,-89.8,-109.8,-119.8,
316,120.08,110.04,90.09,70.05,50.13,30.0,10.01,-0.01,-9.94,-29.93,-49.86,-69.9,-88.8,-89.8,-109.8,-119.81,
317,120.08,110.02,90.09,70.05,50.11,29.98,10.0,0.01,-9.94,-29.93,-49.88,-69.88,-88.8,-89.81,-109.81,-119.81,
318,120.05,110.02,90.11,70.06,50.11,30.0,9.98,0.01,-9.93,-29.93,-49.88,-69.97,-88.81,-89.8,-109.83,-119.83,
319,120.11,110.02,90.08,70.05,50.09,29.98,10.0,0.0,-9.94,-29.95,-49.88,-69.9,-88.8,-89.8,-109.8,-119.83,
320,120.06,110.02,90.11,70.05,50.11,29.98,9.97,0.0,-9.93,-29.93,-49.88,-69.91,-88.8,-89.8,-109.8,-119.8,
321,120.08,110.02,90.11,70.05,50.11,29.97,9.97,0.0,-9.94,-29.93,-49.88,-69.9,-88.8,-89.8,-109.8,-119.8,
322,120.11,110.0,90.08,70.05,50.09,29.97,9.97,0.0,-9.94,-29.92,-49.88,-69.88,-88.8,-89.8,-109.8,-119.8,
323,120.08,110.05,90.11,70.05,50.09,29.97,10.0,0.02,-9.93,-29.95,-49.88,-69.9,-88.81,-89.8,-109.81,-119.8,
324,120.08,110.02,90.11,70.05,50.11,29.98,10.01,0.0,-9.93,-29.92,-49.86,-69.9,-88.8,-89.79,-109.8,-119.8,
325,120.11,110.01,90.11,70.05,50.09,29.98,10.0,0.01,-9.94,-29.92,-49.9,-69.9,-88.8,-89.8,-109.8,-119.8,
326,120.11,110.02,90.09,70.04,50.11,29.97,9.97,-0.02,-9.97,-29.93,-49.88,-69.87,-88.8,-89.81,-109.8,-119.81,
327,120.08,110.02,90.08,70.08,50.09,30.0,9.98,0.0,-9.94,-29.94,-49.88,-69.77,-88.8,-89.8,-109.81,-119.8,
328,120.09,110.04,90.11,70.05,50.11,30.01,9.98,0.0,-9.97,-29.95,-49.88,-69.9,-88.8,-89.84,-109.8,-119.8,
329,120.06,110.01,90.11,70.05,50.11,29.96,10.0,-0.01,-9.94,-29.92,-49.9,-69.94,-88.8,-89.8,-109.8,-119.8,
330,120.08,110.01,90.09,70.05,50.11,29.97,9.97,0.0,-9.96,-29.94,-49.86,-69.88,-88.79,-89.8,-109.8,-119.79,
331,120.08,110.04,90.09,70.06,50.09,29.97,9.97,-0.01,-9.94,-29.92,-49.88,-69.86,-88.8,-89.8,-109.8,-119.8,
332,120.08,110.04,90.11,70.05,50.09,29.96,9.98,-0.01,-9.93,-29.93,-49.86,-69.91,-88.8,-89.79,-109.8,-119.8,
333,120.11,110.05,90.08,70.05,50.09,29.96,9.97,0.0,-9.94,-29.92,-49.88,-69.88,-88.8,-89.8,-109.79,-119.8,
334,120.08,110.01,90.09,70.05,50.11,30.0,10.02,0.0,-9.96,-29.94,-49.88,-69.9,-88.8,-89.8,-109.77,-119.8,
335,120.08,110.04,90.11,70.04,50.11,29.96,10.02,0.0,-9.93,-29.93,-49.88,-69.87,-88.81,-89.8,-109.8,-119.8,
336,120.08,110.02,90.09,70.05,50.11,29.98,9.97,0.0,-9.94,-29.9,-49.86,-69.88,-88.8,-89.8,-109.8,-119.8,
337,120.08,110.01,90.11,70.04,50.11,29.97,10.01,0.0,-9.93,-29.87,-49.88,-69.88,-88.8,-89.8,-109.81,-119.8,
338,120.08,110.02,90.08,70.05,50.11,29.97,10.0,0.0,-9.96,-29.93,-49.88,-69.87,-88.8,-89.8,-109.83,-119.81,
339,120.08,110.04,90.09,70.05,50.11,29.97,10.01,0.0,-9.94,-29.88,-49.88,-69.87,-88.81,-89.8,-109.81,-119.8,
340,120.08,110.01,90.11,70.05,50.11,29.96,10.0,0.0,-9.97,-29.95,-49.9,-69.9,-88.8,-89.8,-109.79,-119.8,
341,120.08,110.02,90.08,70.06,50.11,29.97,9.98,0.0,-9.94,-29.93,-49.88,-69.9,-88.8,-89.81,-109.81,-119.81,
342,120.08,110.04,90.08,70.05,50.11,29.98,10.0,0.0,-9.94,-29.93,-49.88,-69.9,-88.81,-89.8,-109.8,-119.79,
343,120.09,110.01,90.08,70.04,50.11,29.98,9.97,0.0,-9.96,-29.93,-49.88,-69.87,-88.8,-89.8,-109.81,-119.8,
344,120.08,110.02,90.08,70.05,50.11,29.96,10.01,0.0,-9.96,-29.93,-49.88,-69.91,-88.8,-89.8,-109.8,-119.8,
345,120.06,110.01,90.08,70.05,50.11,29.98,9.98,0.0,-9.93,-29.92,-49.86,-69.87,-88.8,-89.79,-109.79,-119.83,
346,120.11,110.02,90.11,70.06,50.11,29.97,10.0,0.01,-9.93,-29.95,-49.86,-69.87,-88.8,-89.79,-109.8,-119.81,
347,120.06,110.02,90.09,70.06,50.11,29.97,10.0,0.0,-9.94,-29.92,-49.88,-69.88,-88.8,-89.8,-109.79,-119.8,
348,120.08,110.01,90.12,70.04,50.13,29.97,9.98,0.01,-9.96,-29.93,-49.88,-69.88,-88.8,-89.77,-109.83,-119.8,
349,120.08,110.01,90.09,70.05,50.09,29.96,9.98,0.0,-9.96,-29.96,-49.88,-69.88,-88.8,-89.8,-109.8,-119.81,
350,120.08,110.02,90.11,70.02,50.09,29.95,9.98,0.0,-9.94,-29.94,-49.88,-69.87,-88.8,-89.79,-109.79,-119.8,
351,120.06,110.02,90.08,70.04,50.09,29.98,10.0,-0.01,-9.94,-29.93,-49.9,-69.87,-88.8,-89.8,-109.8,-119.8,
352,120.08,110.01,90.09,70.06,50.09,29.97,10.0,0.0,-9.94,-29.95,-49.86,-69.88,-88.8,-89.77,-109.8,-119.8,
353,120.09,110.04,90.08,70.04,50.09,29.98,10.01,0.01,-9.97,-29.94,-49.88,-69.88,-88.81,-89.79,-109.8,-119.83,
354,120.09,110.02,90.09,70.05,50.11,29.95,10.0,0.0,-9.93,-29.95,-49.86,-69.88,-88.8,-89.8,-109.79,-119.81,
355,120.08,110.01,90.09,70.05,50.11,30.0,9.98,0.01,-9.94,-29.93,-49.86,-69.88,-88.81,-89.8,-109.8,-119.8,
356,120.09,110.01,90.08,70.05,50.11,29.98,10.0,-0.01,-9.94,-29.93,-49.88,-69.91,-88.8,-89.8,-109.83,-119.8,
357,120.08,110.02,90.08,70.05,50.11,29.97,9.97,0.0,-9.93,-29.94,-49.88,-69.88,-88.81,-89.8,-109.81,-119.8,
358,120.11,110.01,90.11,70.05,50.11,29.97,10.01,0.01,-9.92,-29.93,-49.9,-69.88,-88.8,-89.8,-109.79,-119.8,
359,120.08,110.02,90.08,70.05,50.11,29.96,10.0,-0.01,-9.96,-29.93,-49.88,-69.88,-88.8,-89.77,-109.79,-119.8,
360,120.11,110.04,90.08,70.05,50.09,29.98,9.98,0.0,-9.93,-29.93,-49.88,-69.87,-88.8,-89.81,-109.79,-119.8,
361,120.09,110.04,90.08,70.05,50.09,29.96,9.98,0.0,-9.94,-29.94,-49.88,-69.87,-88.83,-89.8,-109.8,-119.8,
362,120.09,110.01,90.11,70.05,50.09,29.97,9.97,-0.01,-9.93,-29.92,-49.86,-69.88,-88.81,-89.8,-109.83,-119.8,
363,120.05,110.02,90.05,70.05,50.09,29.96,9.97,0.0,-9.93,-29.96,-49.86,-69.87,-88.8,-89.8,-109.8,-119.79,
364,120.08,110.02,90.08,70.05,50.09,29.98,10.0,-0.01,-9.93,-29.94,-49.86,-69.9,-88.8,-89.79,-109.8,-119.79,
365,120.08,110.0,90.06,70.04,50.09,29.96,9.98,0.0,-9.94,-29.94,-49.88,-69.87,-88.8,-89.79,-109.81,-119.8,
366,120.08,110.05,90.08,70.05,50.11,29.96,10.0,0.0,-9.97,-29.93,-49.88,-69.9,-88.8,-89.8,-109.8,-119.8,
367,120.08,110.0,90.08,70.04,50.11,29.97,9.97,-0.01,-9.96,-29.95,-49.88,-69.88,-88.8,-89.79,-109.8,-119.79,
368,120.08,110.02,90.08,70.06,50.11,29.97,9.98,0.0,-9.97,-29.92,-49.88,-69.91,-88.8,-89.81,-109.83,-119.8,
369,120.08,110.02,90.09,70.05,50.09,29.97,9.97,-0.01,-9.93,-29.93,-49.88,-69.87,-88.79,-89.8,-109.8,-119.8,
370,120.08,110.01,90.08,70.04,50.09,29.97,10.0,-0.01,-9.93,-29.95,-49.86,-69.9,-88.8,-89.77,-109.8,-119.79,
371,120.09,110.01,90.09,70.05,50.11,29.97,10.0,0.0,-9.96,-29.94,-49.86,-69.88,-88.8,-89.8,-109.81,-119.8,
372,120.08,110.01,90.11,70.05,50.11,29.98,9.97,0.0,-9.96,-29.94,-49.86,-69.88,-88.81,-89.8,-109.81,-119.8,
373,120.08,110.01,90.11,70.04,50.11,29.96,9.98,0.01,-9.97,-29.9,-49.86,-69.88,-88.79,-89.8,-109.8,-119.8,
374,120.09,110.04,90.08,70.05,50.11,30.0,10.0,0.01,-9.96,-29.9,-49.86,-69.9,-88.79,-89.8,-109.81,-119.81,
375,120.08,110.01,90.08,70.01,50.09,29.98,9.98,0.0,-9.96,-29.97,-49.86,-69.87,-88.8,-89.8,-109.8,-119.8,
376,120.08,109.98,90.08,70.05,50.11,29.97,9.97,0.0,-9.93,-29.93,-49.86,-69.91,-88.8,-89.79,-109.8,-119.8,
377,120.08,110.01,90.11,70.05,50.11,29.98,10.01,0.0,-9.96,-29.94,-49.86,-69.91,-88.8,-89.79,-109.8,-119.8,
378,120.09,110.02,90.08,70.04,50.11,29.98,9.97,0.0,-9.97,-29.9,-49.86,-69.9,-88.77,-89.8,-109.81,-119.8,
379,120.08,110.02,90.08,70.04,50.11,29.96,9.98,0.0,-9.94,-29.92,-49.88,-69.9,-88.8,-89.79,-109.79,-119.79,
380,120.06,110.0,90.08,70.05,50.11,29.97,10.0,0.0,-9.93,-29.92,-49.9,-69.86,-88.8,-89.8,-109.79,-119.8,
381,120.08,110.01,90.08,70.04,50.09,30.0,9.98,0.01,-9.93,-29.92,-49.86,-69.88,-88.81,-89.8,-109.8,-119.8,
382,120.08,110.02,90.11,70.04,50.11,29.97,9.97,0.0,-9.94,-29.94,-49.88,-69.9,-88.81,-89.8,-109.81,-119.8,
383,120.05,110.02,90.08,70.02,50.09,30.0,9.97,0.0,-9.94,-29.92,-49.9,-69.87,-88.79,-89.79,-109.8,-119.79,
384,120.11,110.02,90.08,70.05,50.09,29.96,10.01,0.0,-9.96,-29.93,-49.86,-69.87,-88.8,-89.8,-109.8,-119.8,
385,120.05,110.02,90.09,70.05,50.11,29.98,9.98,0.01,-9.96,-29.94,-49.88,-69.88,-88.8,-89.8,-109.79,-119.8,
386,120.06,110.01,90.09,70.05,50.09,29.98,9.98,0.0,-9.96,-29.93,-49.88,-69.9,-88.8,-89.79,-109.79,-119.79,
387,120.08,110.04,90.08,70.05,50.09,29.98,9.98,-0.01,-9.94,-29.93,-49.86,-69.88,-88.8,-89.8,-109.8,-119.8,
388,120.08,110.01,90.08,70.01,50.09,29.96,9.98,0.0,-9.97,-29.93,-49.88,-69.9,-88.8,-89.81,-109.81,-119.8,
389,120.08,110.05,90.08,70.06,50.09,30.0,9.98,0.0,-9.93,-29.93,-49.86,-69.88,-88.79,-89.8,-109.8,-119.8,
390,120.08,110.0,90.11,70.05,50.11,29.97,9.97,-0.01,-9.94,-29.93,-49.86,-69.87,-88.8,-89.77,-109.79,-119.8,
391,120.08,110.01,90.09,70.04,50.09,29.97,10.02,0.0,-9.96,-29.93,-49.88,-69.9,-88.8,-89.8,-109.81,-119.81,
392,120.08,110.01,90.08,70.04,50.11,29.98,10.0,0.0,-9.94,-29.93,-49.9,-69.87,-88.8,-89.8,-109.8,-119.8,
393,120.09,110.01,90.08,70.05,50.09,30.0,10.01,0.02,-9.93,-29.9,-49.88,-69.91,-88.8,-89.79,-109.8,-119.79,
394,120.08,110.0,90.09,70.05,50.11,29.97,9.98,0.0,-9.96,-29.92,-49.88,-69.91,-88.8,-89.79,-109.79,-119.8,
395,120.11,110.01,90.09,70.02,50.11,29.97,9.98,0.0,-9.94,-29.92,-49.9,-69.9,-88.8,-89.8,-109.8,-119.8,
396,120.09,109.98,90.06,70.05,50.11,29.97,10.01,0.0,-9.93,-29.95,-49.88,-69.87,-88.8,-89.76,-109.79,-119.8,
397,120.08,110.02,90.09,70.05,50.13,29.98,9.98,0.0,-9.96,-29.93,-49.83,-69.87,-88.8,-89.8,-109.8,-119.8,
398,120.08,110.04,90.08,70.05,50.11,29.96,9.98,0.0,-9.94,-29.92,-49.88,-69.9,-88.8,-89.8,-109.8,-119.8,
399,120.06,110.01,90.11,70.05,50.09,29.96,10.02,0.0,-9.97,-29.95,-49.88,-69.88,-88.8,-89.8,-109.8,-119.8,
400,120.08,110.01,90.11,70.06,50.11,29.98,10.01,0.0,-9.96,-29.9,-49.88,-69.88,-88.81,-89.8,-109.8,-119.8,
401,120.08,110.0,90.08,70.05,50.11,29.97,10.0,0.02,-9.96,-29.92,-49.86,-69.88,-88.79,-89.77,-109.8,-119.8,
402,120.08,110.01,90.09,70.05,50.11,29.98,9.98,0.0,-9.94,-29.92,-49.88,-69.91,-88.8,-89.77,-109.8,-119.81,
403,120.08,110.04,90.08,70.05,50.11,29.97,10.0,0.02,-9.93,-29.9,-49.88,-69.91,-88.8,-89.83,-109.8,-119.8,
404,120.08,110.01,90.11,70.05,50.09,29.97,10.02,0.0,-9.93,-29.95,-49.88,-69.86,-88.8,-89.77,-109.81,-119.83,
405,120.05,110.01,90.09,70.05,50.09,29.98,10.0,-0.01,-9.94,-29.9,-49.88,-69.88,-88.8,-89.8,-109.8,-119.81,
406,120.05,110.01,90.09,70.05,50.11,29.97,9.98,0.01,-9.96,-29.9,-49.86,-69.88,-88.8,-89.8,-109.8,-119.8,
407,120.09,110.02,90.08,70.05,50.11,29.98,9.98,0.0,-9.94,-29.92,-49.88,-69.88,-88.8,-89.8,-109.8,-119.8,
408,120.08,110.01,90.08,70.04,50.11,29.96,10.0,0.0,-9.94,-29.93,-49.88,-69.91,-88.83,-89.8,-109.8,-119.8,
409,120.06,110.02,90.09,70.04,50.11,29.97,10.01,0.03,-9.93,-29.93,-49.86,-69.9,-88.81,-89.79,-109.79,-119.8,
410,120.08,110.04,90.09,70.05,50.11,29.97,10.0,0.0,-9.96,-29.93,-49.88,-69.91,-88.8,-89.77,-109.81,-119.8,
411,120.06,110.01,90.08,70.04,50.09,29.96,10.01,0.01,-9.93,-29.93,-49.9,-69.88,-88.8,-89.8,-109.8,-119.79,
412,120.09,110.01,90.08,70.05,50.11,30.0,10.0,0.01,-9.94,-29.94,-49.86,-69.93,-88.8,-89.79,-109.83,-119.81,
413,120.08,110.01,90.12,70.05,50.11,29.97,10.0,0.0,-9.93,-29.93,-49.9,-69.9,-88.79,-89.77,-109.8,-119.8,
414,120.08,110.01,90.08,70.04,50.11,29.98,10.0,0.01,-9.93,-29.9,-49.86,-69.91,-88.8,-89.8,-109.8,-119.8,
415,120.06,110.02,90.12,70.05,50.11,29.97,10.01,0.01,-9.94,-29.92,-49.86,-69.87,-88.8,-89.8,-109.81,-119.8,
416,120.08,110.01,90.08,70.05,50.11,29.97,9.98,-0.01,-9.93,-29.92,-49.88,-69.88,-88.8,-89.8,-109.8,-119.8,
417,120.06,110.01,90.09,70.05,50.11,29.98,9.98,0.0,-9.96,-29.9,-49.88,-69.91,-88.8,-89.8,-109.8,-119.81,
418,120.12,110.01,90.09,70.05,50.11,29.98,10.0,0.0,-9.94,-29.92,-49.88,-69.87,-88.77,-89.8,-109.81,-119.8,
419,120.11,110.01,90.11,70.05,50.11,29.98,9.98,-0.01,-9.94,-29.92,-49.88,-69.91,-88.8,-89.8,-109.8,-119.8,
420,120.08,110.02,90.08,70.05,50.09,30.01,10.0,0.0,-9.94,-29.94,-49.88,-69.91,-88.8,-89.81,-109.81,-119.8,
421,120.09,110.01,90.11,70.05,50.11,29.97,10.0,0.01,-9.94,-29.92,-49.9,-69.88,-88.81,-89.8,-109.8,-119.8,
422,120.08,110.02,90.08,70.05,50.11,29.98,10.01,0.01,-9.92,-29.93,-49.88,-69.86,-88.8,-89.8,-109.8,-119.8,
423,120.08,110.01,90.08,70.08,50.11,29.98,10.0,0.0,-9.96,-29.94,-49.88,-69.9,-88.8,-89.81,-109.8,-119.8,
424,120.09,110.04,90.11,70.05,50.11,29.98,10.01,0.0,-9.94,-29.93,-49.88,-69.9,-88.8,-89.8,-109.81,-119.81,
425,120.08,110.01,90.08,70.05,50.11,29.97,10.0,0.0,-9.93,-29.95,-49.88,-69.9,-88.8,-89.8,-109.8,-119.81,
426,120.08,110.04,90.08,70.04,50.09,29.96,10.0,0.0,-9.96,-29.92,-49.86,-69.93,-88.8,-89.8,-109.8,-119.81,
427,120.06,110.04,90.09,70.05,50.09,29.97,9.98,-0.01,-9.94,-29.9,-49.88,-69.91,-88.81,-89.76,-109.8,-119.8,
428,120.08,110.04,90.12,70.05,50.09,29.97,9.98,0.0,-9.96,-29.95,-49.86,-69.87,-88.8,-89.8,-109.8,-119.8,
429,120.06,110.04,90.08,70.05,50.11,29.96,10.01,0.01,-9.97,-29.92,-49.88,-69.9,-88.8,-89.8,-109.81,-119.8,
430,120.08,110.02,90.09,70.04,50.11,29.96,10.0,0.0,-9.96,-29.92,-49.88,-69.88,-88.81,-89.79,-109.8,-119.81,
431,120.05,110.05,90.06,70.04,50.11,29.98,9.98,0.0,-9.94,-29.95,-49.86,-69.88,-88.8,-89.8,-109.8,-119.8,
432,120.08,110.05,90.11,70.06,50.11,29.97,9.98,0.0,-9.94,-29.93,-49.86,-69.88,-88.8,-89.8,-109.83,-119.8,
433,120.05,110.04,90.11,70.05,50.11,29.98,9.98,0.02,-9.94,-29.93,-49.86,-69.87,-88.83,-89.81,-109.8,-119.8,
434,120.08,110.02,90.11,70.08,50.11,29.97,10.0,0.0,-9.93,-29.92,-49.88,-69.87,-88.81,-89.8,-109.8,-119.8,
435,120.08,110.02,90.09,70.05,50.11,29.97,9.98,0.01,-9.94,-29.92,-49.86,-69.9,-88.8,-89.8,-109.83,-119.8,
436,120.08,110.01,90.08,70.05,50.09,29.96,9.98,0.0,-9.93,-29.94,-49.88,-69.91,-88.8,-89.79,-109.8,-119.8,
437,120.11,110.01,90.11,70.05,50.11,29.96,9.97,0.0,-9.96,-29.93,-49.88,-69.9,-88.8,-89.79,-109.81,-119.8,
438,120.06,110.01,90.12,70.05,50.11,29.97,10.02,0.0,-9.93,-29.9,-49.88,-69.91,-88.81,-89.79,-109.81,-119.79,
439,120.09,110.0,90.09,70.05,50.09,29.97,9.98,0.0,-9.96,-29.94,-49.86,-69.88,-88.81,-89.79,-109.79,-119.8,
440,120.08,110.02,90.09,70.06,50.11,29.97,10.01,0.0,-9.97,-29.95,-49.86,-69.88,-88.81,-89.8,-109.79,-119.8,
441,120.06,110.01,90.09,70.05,50.11,29.95,10.0,0.0,-9.93,-29.93,-49.88,-69.91,-88.8,-89.8,-109.77,-119.8,
442,120.09,110.04,90.09,70.05,50.09,29.97,10.0,0.0,-9.96,-29.87,-49.86,-69.9,-88.8,-89.8,-109.81,-119.8,
443,120.11,110.04,90.09,70.05,50.11,29.98,9.97,0.0,-9.97,-29.92,-49.88,-69.91,-88.8,-89.8,-109.8,-119.79,
444,120.06,110.0,90.08,70.05,50.11,29.97,9.98,0.0,-9.94,-29.95,-49.88,-69.88,-88.8,-89.8,-109.8,-119.8,
445,120.08,110.01,90.11,70.05,50.09,29.97,9.98,0.0,-9.96,-29.93,-49.86,-69.91,-88.8,-89.8,-109.83,-119.83,
446,120.09,110.02,90.08,70.06,50.11,29.96,10.01,0.01,-9.97,-29.93,-49.86,-69.88,-88.8,-89.8,-109.8,-119.8,
447,120.08,110.01,90.11,70.02,50.09,29.97,9.98,0.01,-9.96,-29.92,-49.88,-69.9,-88.81,-89.81,-109.8,-119.8,
448,120.08,110.01,90.11,70.05,50.11,29.98,10.0,0.01,-9.94,-29.9,-49.88,-69.91,-88.8,-89.8,-109.79,-119.8,
449,120.08,110.02,90.09,70.05,50.11,29.98,10.0,-0.01,-9.94,-29.93,-49.88,-69.91,-88.81,-89.8,-109.8,-119.8,
450,120.08,110.05,90.12,70.05,50.09,29.97,9.98,0.0,-9.94,-29.92,-49.88,-69.91,-88.8,-89.8,-109.8,-119.81,
