 count,0,10,15,30,55,75,80,90
1,-0.03,9.93,14.92,29.88,54.91,74.87,79.83,89.79,
2,-0.01,9.98,14.96,29.92,54.95,74.91,79.89,89.84,
3,0.0,9.98,14.96,29.93,54.96,74.92,79.88,89.86,
4,0.01,10.02,14.99,29.96,54.99,74.94,79.9,89.84,
5,0.04,10.01,15.0,29.96,54.99,74.95,79.91,89.87,
6,0.02,10.02,15.0,29.95,55.0,74.94,79.93,89.89,
7,0.03,10.02,15.0,29.95,55.0,74.97,79.92,89.89,
8,0.04,10.05,15.0,29.97,55.0,74.95,79.93,89.89,
9,0.04,10.02,15.0,29.98,55.02,74.96,79.94,89.89,
10,0.03,10.03,15.0,29.98,55.0,74.96,79.94,89.87,
11,0.04,10.05,15.0,30.01,55.0,74.96,79.93,89.89,
12,0.03,10.05,15.02,29.97,55.0,74.96,79.94,89.9,
13,0.04,10.02,15.01,29.96,55.0,74.97,79.94,89.91,
14,0.02,10.02,15.0,29.98,55.0,74.95,79.92,89.87,
15,0.05,10.03,15.02,29.98,55.0,74.95,79.93,89.87,
16,0.04,10.03,15.0,29.98,55.02,74.95,79.92,89.88,
17,0.05,10.02,15.0,29.96,55.0,74.94,79.94,89.89,
18,0.04,10.02,15.03,29.99,55.0,74.95,79.94,89.89,
19,0.06,10.05,15.02,29.98,55.0,74.97,79.93,89.87,
20,0.05,10.04,15.02,29.98,55.0,74.97,79.94,89.9,
21,0.07,10.02,15.0,29.98,55.0,74.98,79.93,89.89,
22,0.05,10.05,15.02,29.99,55.02,74.96,79.93,89.9,
23,0.03,10.06,15.0,29.99,55.02,74.95,79.94,89.87,
24,0.06,10.03,15.02,29.98,55.0,74.96,79.94,89.9,
25,0.03,10.06,15.0,29.97,55.0,74.95,79.95,89.87,
26,0.05,10.06,15.03,30.0,55.02,74.97,79.95,89.89,
27,0.07,10.05,15.02,29.98,55.02,74.96,79.94,89.89,
28,0.05,10.03,15.0,29.97,55.02,74.96,79.95,89.89,
29,0.06,10.04,15.02,30.01,55.02,74.97,79.95,89.9,
30,0.05,10.03,15.02,29.99,55.02,74.98,79.95,89.89,
31,0.03,10.05,15.0,29.98,55.02,74.96,79.95,89.89,
32,0.05,10.05,15.02,29.99,55.02,74.96,79.95,89.89,
33,0.06,10.02,15.02,29.97,55.02,74.98,79.94,89.88,
34,0.06,10.03,15.01,29.98,55.02,74.95,79.94,89.89,
35,0.05,10.02,15.02,29.99,55.03,74.95,79.95,89.89,
36,0.06,10.05,15.02,29.99,55.02,74.97,79.94,89.89,
37,0.04,10.03,15.0,29.99,55.02,74.95,79.95,89.9,
38,0.05,10.03,15.02,29.98,55.02,74.96,79.94,89.91,
39,0.04,10.05,15.02,29.99,55.02,74.96,79.94,89.9,
40,0.05,10.05,15.02,30.0,55.02,74.96,79.95,89.91,
41,0.05,10.06,15.02,29.98,55.0,74.96,79.94,89.9,
42,0.05,10.05,15.02,29.99,55.02,74.98,79.95,89.9,
43,0.07,10.02,15.03,29.99,55.02,74.95,79.95,89.9,
44,0.07,10.05,15.02,29.99,55.02,74.97,79.95,89.89,
45,0.04,10.04,15.02,29.98,55.02,74.96,79.95,89.9,
46,0.04,10.03,15.0,29.98,55.02,74.98,79.95,89.89,
47,0.04,10.03,15.02,29.99,55.02,74.95,79.95,89.89,
48,0.06,10.02,15.02,29.98,55.0,74.97,79.97,89.89,
49,0.05,10.05,15.02,29.97,55.02,74.96,79.94,89.89,
50,0.05,10.04,15.02,29.98,55.02,74.96,79.95,89.9,
51,0.05,10.03,15.02,29.98,55.02,74.97,79.95,89.9,
52,0.04,10.02,15.0,29.97,55.02,74.96,79.94,89.9,
53,0.05,10.05,15.02,29.97,55.02,74.96,79.95,89.89,
54,0.05,10.06,15.02,29.97,55.02,74.96,79.94,89.9,
55,0.05,10.06,15.0,29.97,55.02,74.96,79.95,89.9,
56,0.06,10.05,15.03,29.99,55.02,74.95,79.93,89.9,
57,0.06,10.03,15.03,30.0,55.02,74.96,79.94,89.92,
58,0.05,10.03,15.0,29.98,55.02,74.97,79.95,89.87,
59,0.05,10.03,15.0,29.99,55.02,74.94,79.95,89.9,
60,0.06,10.06,15.02,29.97,55.02,74.96,79.95,89.9,
61,0.04,10.05,15.02,29.97,55.0,74.95,79.95,89.91,
62,0.04,10.05,15.02,29.97,55.02,74.95,79.94,89.9,
63,0.04,10.05,15.02,29.97,55.03,74.95,79.95,89.9,
64,0.07,10.06,15.02,29.99,55.04,74.97,79.96,89.92,
65,0.06,10.05,15.02,30.0,55.03,74.95,79.95,89.9,
66,0.05,10.05,15.0,29.98,55.02,74.96,79.95,89.91,
67,0.06,10.06,15.02,30.0,55.02,74.97,79.95,89.92,
68,0.04,10.06,15.02,29.99,55.03,74.99,79.94,89.92,
69,0.06,10.05,15.02,29.98,55.03,74.96,79.95,89.91,
70,0.04,10.06,15.0,29.98,55.03,74.94,79.95,89.92,
71,0.05,10.07,15.02,30.0,55.02,74.98,79.95,89.91,
72,0.05,10.05,15.03,30.0,55.02,74.96,79.95,89.9,
73,0.06,10.06,15.02,29.98,55.03,74.97,79.95,89.9,
74,0.06,10.06,15.02,29.97,55.03,74.97,79.95,89.9,
75,0.06,10.06,15.01,29.98,55.03,74.97,79.95,89.89,
76,0.05,10.05,15.0,29.97,55.02,74.96,79.94,89.9,
77,0.05,10.06,15.02,29.99,55.02,74.97,79.95,89.91,
78,0.05,10.07,15.03,29.98,55.02,74.96,79.94,89.9,
79,0.05,10.05,15.02,29.99,55.03,74.96,79.95,89.89,
80,0.04,10.03,15.02,29.99,55.02,74.95,79.95,89.87,
81,0.05,10.03,15.02,29.98,55.03,74.96,79.95,89.89,
82,0.05,10.05,15.02,29.99,55.02,74.98,79.94,89.89,
83,0.06,10.05,15.0,29.99,55.02,74.96,79.94,89.87,
84,0.04,10.06,15.0,29.99,55.03,74.99,79.95,89.9,
85,0.06,10.07,15.02,30.0,55.03,74.99,79.97,89.9,
86,0.05,10.06,15.03,30.0,55.02,74.97,79.95,89.91,
87,0.05,10.06,15.02,29.97,55.02,74.97,79.95,89.9,
88,0.05,10.03,15.02,29.99,55.02,74.98,79.95,89.89,
89,0.06,10.06,15.0,29.99,55.02,74.97,79.95,89.9,
90,0.06,10.05,15.02,29.99,55.02,74.96,79.95,89.91,
91,0.06,10.05,15.02,30.0,55.02,74.95,79.95,89.89,
92,0.06,10.07,15.02,30.0,55.03,74.97,79.95,89.89,
93,0.04,10.06,15.03,29.99,55.02,74.95,79.95,89.9,
94,0.07,10.05,15.02,30.0,55.06,74.99,79.95,89.9,
95,0.06,10.06,15.02,29.97,55.02,74.97,79.95,89.9,
96,0.06,10.06,15.03,29.97,55.02,74.96,79.95,89.91,
97,0.05,10.05,15.0,29.97,55.02,74.97,79.93,89.89,
98,0.05,10.06,15.0,30.0,55.04,74.96,79.95,89.9,
99,0.05,10.05,15.02,30.0,55.02,74.97,79.95,89.92,
100,0.05,10.07,15.0,29.99,55.03,74.97,79.95,89.89,
101,0.05,10.05,15.02,29.99,55.02,74.97,79.96,89.89,
102,0.06,10.02,15.02,30.0,55.06,74.96,79.94,89.88,
103,0.06,10.06,15.02,30.0,55.02,74.99,79.97,89.89,
104,0.05,10.07,15.02,30.01,55.04,74.99,79.97,89.9,
105,0.06,10.03,15.02,30.0,55.04,74.98,79.95,89.91,
106,0.05,10.06,15.02,30.02,55.06,74.97,79.96,89.9,
107,0.05,10.03,15.02,30.0,55.03,74.97,79.98,89.9,
108,0.06,10.05,15.03,30.0,55.03,74.97,79.95,89.9,
109,0.07,10.07,15.0,30.0,55.04,74.98,79.95,89.9,
110,0.05,10.06,15.02,29.99,55.03,74.97,79.96,89.9,
111,0.06,10.06,15.02,30.0,55.02,74.98,79.97,89.92,
112,0.07,10.05,15.02,29.98,55.06,74.99,79.95,89.9,
113,0.07,10.06,15.03,29.98,55.03,74.99,79.97,89.91,
114,0.07,10.05,15.02,30.0,55.03,74.99,79.95,89.92,
115,0.06,10.06,15.02,30.0,55.04,74.98,79.95,89.92,
116,0.04,10.03,15.03,30.01,55.02,74.98,79.95,89.92,
117,0.06,10.05,15.02,30.01,55.02,74.98,79.95,89.9,
118,0.05,10.05,15.0,30.0,55.06,74.98,79.94,89.9,
119,0.07,10.07,15.03,30.0,55.04,74.98,79.95,89.89,
120,0.06,10.05,15.02,30.01,55.07,75.0,79.97,89.92,
121,0.05,10.06,15.03,30.0,55.02,74.95,79.94,89.9,
122,0.05,10.06,15.02,30.0,55.02,74.97,79.95,89.91,
123,0.06,10.03,15.02,29.99,55.02,74.97,79.94,89.89,
124,0.05,10.05,15.02,30.01,55.03,74.97,79.95,89.9,
125,0.06,10.05,15.02,29.98,55.03,74.97,79.95,89.9,
126,0.05,10.06,15.02,30.0,55.04,74.95,79.95,89.91,
127,0.05,10.06,15.03,29.98,55.03,74.97,79.95,89.9,
128,0.06,10.06,15.02,29.98,55.02,74.95,79.95,89.9,
129,0.06,10.06,15.02,30.0,55.02,74.97,79.95,89.9,
130,0.06,10.05,15.02,30.0,55.03,74.97,79.95,89.9,
131,0.06,10.06,15.02,30.0,55.02,74.95,79.95,89.89,
132,0.07,10.05,15.02,29.98,55.04,74.97,79.97,89.89,
133,0.06,10.07,15.02,29.98,55.03,74.97,79.95,89.87,
134,0.06,10.05,15.0,29.98,55.02,74.98,79.95,89.89,
135,0.06,10.05,15.02,29.98,55.02,74.99,79.97,89.9,
136,0.05,10.05,15.02,30.0,55.02,74.95,79.95,89.9,
137,0.05,10.07,15.03,29.97,55.04,74.98,79.95,89.9,
138,0.07,10.05,15.02,29.99,55.02,74.98,79.95,89.9,
139,0.06,10.06,15.02,30.01,55.02,74.97,79.97,89.9,
140,0.07,10.06,15.03,30.0,55.06,74.98,79.95,89.91,
141,0.07,10.06,15.02,29.98,55.03,75.0,79.94,89.91,
142,0.07,10.07,15.03,30.01,55.04,74.98,79.95,89.92,
143,0.06,10.06,15.03,29.98,55.04,74.97,79.95,89.89,
144,0.05,10.06,15.05,29.97,55.04,74.97,79.95,89.9,
145,0.06,10.07,15.05,29.98,55.04,74.98,79.95,89.9,
146,0.07,10.06,15.03,29.98,55.03,75.0,79.95,89.91,
147,0.04,10.06,15.03,30.0,55.03,74.97,79.95,89.9,
148,0.06,10.03,15.03,29.99,55.03,74.95,79.97,89.91,
149,0.05,10.05,15.02,29.97,55.02,74.97,79.95,89.9,
150,0.07,10.06,15.03,29.97,55.03,74.95,79.95,89.9,
151,0.06,10.06,15.05,30.0,55.04,74.98,79.98,89.91,
152,0.05,10.07,15.03,29.98,55.03,74.97,79.98,89.9,
153,0.06,10.07,15.02,30.01,55.04,74.98,79.97,89.92,
154,0.07,10.06,15.04,30.0,55.04,74.98,79.95,89.92,
155,0.05,10.06,15.02,30.0,55.03,74.99,79.98,89.91,
156,0.08,10.05,15.03,29.98,55.04,74.96,79.95,89.91,
157,0.07,10.03,15.02,29.97,55.03,74.95,79.94,89.91,
158,0.07,10.06,15.03,30.0,55.03,74.98,79.98,89.91,
159,0.06,10.06,15.03,30.0,55.03,74.97,79.97,89.92,
160,0.07,10.07,15.03,30.0,55.04,74.98,79.95,89.91,
161,0.05,10.05,15.03,29.98,55.04,74.97,79.95,89.9,
162,0.06,10.05,15.02,29.98,55.02,74.98,79.95,89.9,
163,0.05,10.06,15.03,29.98,55.04,74.96,79.95,89.9,
164,0.05,10.05,15.03,29.98,55.03,74.97,79.95,89.91,
165,0.06,10.07,15.02,29.97,55.02,74.98,79.97,89.9,
166,0.05,10.05,15.02,29.98,55.02,74.97,79.95,89.91,
167,0.05,10.06,15.02,29.97,55.03,74.99,79.95,89.91,
168,0.05,10.05,15.02,29.98,55.03,74.97,79.95,89.91,
169,0.06,10.05,15.02,29.98,55.04,74.95,79.95,89.9,
170,0.07,10.05,15.02,29.98,55.04,74.95,79.95,89.92,
171,0.07,10.05,15.05,30.0,55.03,74.98,79.97,89.9,
172,0.06,10.07,15.02,29.98,55.02,74.97,79.95,89.91,
173,0.05,10.06,15.02,30.0,55.03,74.97,79.95,89.91,
174,0.04,10.07,15.02,30.0,55.03,74.98,79.95,89.91,
175,0.07,10.05,15.03,29.97,55.03,74.98,79.95,89.92,
176,0.07,10.05,15.02,30.0,55.03,74.97,79.98,89.91,
177,0.05,10.06,15.02,29.97,55.03,74.97,79.94,89.9,
178,0.04,10.05,15.02,29.97,55.02,74.97,79.94,89.91,
179,0.06,10.05,15.03,30.0,55.03,74.98,79.94,89.9,
180,0.05,10.03,15.02,29.98,55.04,74.97,79.95,89.89,
181,0.06,10.06,15.03,29.98,55.02,74.95,79.94,89.9,
182,0.05,10.05,15.02,29.98,55.02,74.95,79.96,89.91,
183,0.06,10.05,15.02,29.99,55.03,74.97,79.96,89.89,
184,0.08,10.06,15.03,29.98,55.04,74.96,79.95,89.9,
185,0.05,10.03,15.02,29.98,55.03,74.97,79.95,89.9,
186,0.05,10.05,15.03,29.99,55.03,74.96,79.95,89.92,
187,0.04,10.06,15.02,29.98,55.03,74.97,79.95,89.9,
188,0.06,10.06,15.02,29.99,55.02,74.97,79.97,89.9,
189,0.07,10.06,15.02,29.98,55.04,74.98,79.95,89.9,
190,0.05,10.05,15.02,29.98,55.02,74.94,79.95,89.9,
191,0.05,10.06,15.02,29.98,55.03,74.97,79.95,89.89,
192,0.05,10.03,15.02,29.99,55.03,74.95,79.95,89.91,
193,0.06,10.05,15.02,29.98,55.03,74.97,79.95,89.92,
194,0.05,10.05,15.05,29.99,55.03,74.98,79.95,89.9,
195,0.05,10.06,15.02,29.99,55.02,74.98,79.97,89.92,
196,0.04,10.04,15.0,29.98,55.03,74.97,79.97,89.91,
197,0.04,10.02,15.02,29.98,55.04,74.97,79.95,89.9,
198,0.05,10.03,15.02,29.98,55.04,74.97,79.98,89.91,
199,0.07,10.07,15.03,29.98,55.02,74.95,79.97,89.9,
200,0.04,10.06,15.02,30.0,55.04,74.97,79.95,89.91,
201,0.05,10.02,15.06,29.99,55.02,74.97,79.95,89.89,
202,0.05,10.05,15.03,29.98,55.04,74.98,79.95,89.9,
203,0.06,10.05,15.03,29.98,55.03,74.97,79.95,89.9,
204,0.06,10.05,15.02,30.0,55.03,74.97,79.95,89.91,
205,0.07,10.06,15.04,29.98,55.04,74.98,79.94,89.9,
206,0.04,10.02,15.03,29.98,55.02,74.97,79.95,89.9,
207,0.05,10.05,15.02,29.98,55.02,74.95,79.94,89.89,
208,0.06,10.05,15.03,30.0,55.04,74.99,79.97,89.91,
209,0.05,10.06,15.04,29.98,55.04,74.97,79.95,89.91,
210,0.05,10.07,15.05,30.01,55.03,74.98,79.97,89.92,
211,0.05,10.06,15.03,29.98,55.04,74.97,79.98,89.91,
212,0.06,10.03,15.03,29.98,55.03,74.98,79.95,89.92,
213,0.05,10.06,15.03,29.96,55.03,75.0,79.97,89.9,
214,0.07,10.05,15.05,30.0,55.03,74.99,79.95,89.92,
215,0.07,10.06,15.05,30.01,55.02,74.98,79.95,89.91,
216,0.05,10.07,15.02,30.0,55.06,74.98,79.95,89.91,
217,0.06,10.05,15.03,30.0,55.03,74.98,79.97,89.9,
218,0.06,10.05,15.03,29.99,55.02,74.99,79.95,89.91,
219,0.06,10.05,15.05,30.0,55.03,74.97,79.97,89.91,
220,0.07,10.06,15.02,30.0,55.04,74.97,79.95,89.9,
221,0.05,10.06,15.02,29.97,55.03,74.97,79.95,89.91,
222,0.07,10.05,15.05,30.0,55.03,74.98,79.97,89.91,
223,0.07,10.05,15.05,29.98,55.04,74.98,79.97,89.92,
224,0.08,10.07,15.05,30.0,55.06,74.98,79.95,89.91,
225,0.06,10.06,15.05,29.99,55.03,74.97,79.95,89.9,
226,0.06,10.06,15.03,30.01,55.04,74.95,79.95,89.91,
227,0.07,10.06,15.03,30.0,55.03,74.99,79.97,89.91,
228,0.06,10.06,15.03,30.0,55.04,74.97,79.95,89.91,
229,0.06,10.06,15.03,30.0,55.02,74.98,79.97,89.9,
230,0.07,10.06,15.02,29.98,55.03,74.97,79.95,89.9,
231,0.05,10.06,15.03,29.98,55.04,74.98,79.98,89.91,
232,0.06,10.06,15.02,30.01,55.04,74.98,79.95,89.92,
233,0.08,10.06,15.06,30.0,55.04,74.98,79.98,89.92,
234,0.05,10.06,15.06,29.98,55.03,74.98,79.95,89.92,
235,0.07,10.06,15.05,30.0,55.03,74.98,79.95,89.9,
236,0.06,10.07,15.02,29.98,55.04,74.98,79.95,89.91,
237,0.06,10.06,15.05,29.98,55.04,74.97,79.95,89.91,
238,0.07,10.07,15.04,30.01,55.04,74.98,79.95,89.92,
239,0.07,10.06,15.03,29.98,55.04,74.98,79.96,89.92,
240,0.06,10.06,15.03,29.98,55.03,74.95,79.97,89.9,
241,0.07,10.06,15.02,30.0,55.04,74.95,79.97,89.92,
242,0.07,10.07,15.02,30.0,55.04,74.98,79.95,89.91,
243,0.05,10.07,15.06,29.98,55.04,74.98,79.95,89.91,
244,0.07,10.07,15.05,29.98,55.06,74.98,79.95,89.9,
245,0.06,10.07,15.05,29.98,55.04,74.99,79.97,89.92,
246,0.05,10.05,15.02,30.01,55.03,74.95,79.97,89.91,
247,0.07,10.06,15.03,30.01,55.04,74.97,79.95,89.9,
248,0.07,10.06,15.03,30.01,55.03,74.94,79.95,89.9,
249,0.07,10.06,15.02,29.98,55.04,74.97,79.95,89.91,
250,0.06,10.06,15.05,29.99,55.03,74.98,79.96,89.91,
251,0.06,10.06,15.03,29.98,55.03,74.97,79.97,89.92,
252,0.07,10.06,15.02,29.99,55.04,74.98,79.93,89.91,
253,0.05,10.05,15.02,29.99,55.03,74.95,79.95,89.9,
254,0.05,10.07,15.02,30.0,55.03,74.97,79.95,89.91,
255,0.05,10.07,15.03,30.0,55.03,74.95,79.95,89.91,
256,0.05,10.03,15.02,29.96,55.02,74.97,79.95,89.9,
257,0.04,10.06,15.02,29.98,55.03,74.98,79.95,89.9,
258,0.06,10.05,15.03,29.98,55.03,74.98,79.94,89.91,
259,0.07,10.07,15.03,29.98,55.04,74.97,79.95,89.91,
260,0.06,10.05,15.05,29.98,55.03,74.98,79.95,89.88,
261,0.04,10.03,15.02,29.98,55.02,74.97,79.95,89.91,
262,0.06,10.06,15.02,29.98,55.03,74.98,79.97,89.9,
263,0.05,10.06,15.03,29.99,55.03,74.95,79.95,89.89,
264,0.06,10.06,15.02,29.98,55.04,74.97,79.95,89.88,
265,0.06,10.05,15.03,29.98,55.03,74.98,79.95,89.91,
266,0.06,10.05,15.02,29.98,55.02,74.97,79.96,89.92,
267,0.06,10.05,15.02,29.98,55.02,74.97,79.98,89.91,
268,0.05,10.07,15.02,30.0,55.03,74.98,79.97,89.92,
269,0.05,10.05,15.03,29.98,55.03,74.98,79.95,89.9,
270,0.06,10.06,15.03,30.0,55.03,74.98,79.97,89.9,
271,0.04,10.06,15.02,29.97,55.06,74.98,79.97,89.92,
272,0.05,10.07,15.02,29.99,55.04,74.98,79.95,89.9,
273,0.05,10.05,15.02,29.97,55.02,74.98,79.95,89.91,
274,0.06,10.03,15.02,30.0,55.03,74.99,79.97,89.89,
275,0.05,10.06,15.02,29.99,55.03,74.98,79.95,89.91,
276,0.05,10.07,15.02,29.98,55.03,74.96,79.95,89.89,
277,0.05,10.06,15.02,30.0,55.03,74.98,79.95,89.91,
278,0.05,10.06,15.02,29.96,55.04,74.97,79.95,89.9,
279,0.07,10.07,15.03,29.98,55.04,74.98,79.95,89.91,
280,0.07,10.06,15.02,29.98,55.02,74.95,79.95,89.91,
281,0.06,10.05,15.02,30.0,55.02,74.97,79.95,89.91,
282,0.07,10.05,15.02,29.97,55.04,74.98,79.95,89.92,
283,0.07,10.06,15.02,29.97,55.03,74.98,79.95,89.91,
284,0.05,10.06,15.02,30.0,55.06,74.95,79.95,89.92,
285,0.06,10.06,15.03,30.0,55.06,74.97,79.97,89.92,
286,0.06,10.06,15.03,30.0,55.07,74.98,79.95,89.9,
287,0.07,10.07,15.02,30.01,55.06,74.98,79.95,89.92,
288,0.06,10.06,15.02,30.0,55.02,74.99,79.95,89.91,
289,0.05,10.07,15.03,30.0,55.03,74.98,79.95,89.92,
290,0.07,10.06,15.03,29.97,55.03,74.97,79.95,89.91,
291,0.06,10.07,15.04,29.98,55.04,74.98,79.95,89.92,
292,0.05,10.06,15.06,29.99,55.02,74.98,79.95,89.89,
293,0.05,10.06,15.02,29.98,55.03,74.97,79.95,89.89,
294,0.05,10.07,15.03,29.96,55.03,74.98,79.95,89.9,
295,0.07,10.05,15.02,30.0,55.02,74.97,79.95,89.91,
296,0.07,10.06,15.02,30.0,55.04,74.97,79.95,89.91,
297,0.05,10.07,15.02,29.98,55.06,74.97,79.95,89.92,
298,0.07,10.06,15.03,30.0,55.03,74.98,79.95,89.9,
299,0.06,10.06,15.05,29.98,55.04,74.95,79.93,89.89,
300,0.05,10.06,15.03,30.0,55.02,74.97,79.95,89.9,
301,0.06,10.03,15.02,30.0,55.06,74.97,79.95,89.89,
302,0.05,10.06,15.03,29.98,55.04,74.95,79.95,89.89,
303,0.07,10.06,15.02,30.0,55.03,74.95,79.95,89.9,
304,0.07,10.07,15.02,30.0,55.04,74.97,79.95,89.9,
305,0.06,10.06,15.02,29.98,55.03,74.97,79.95,89.9,
306,0.06,10.05,15.03,29.98,55.03,74.95,79.95,89.91,
307,0.07,10.06,15.0,29.98,55.02,74.98,79.95,89.9,
308,0.04,10.06,15.03,29.98,55.03,74.94,79.95,89.91,
309,0.07,10.05,15.02,29.99,55.02,74.97,79.95,89.92,
310,0.07,10.07,15.02,29.99,55.02,74.97,79.95,89.91,
311,0.05,10.06,15.02,29.98,55.04,74.98,79.95,89.9,
312,0.05,10.06,15.03,29.98,55.02,74.97,79.95,89.9,
313,0.05,10.06,15.03,29.98,55.03,74.94,79.95,89.91,
314,0.06,10.07,15.05,29.98,55.03,74.97,79.95,89.9,
315,0.06,10.06,15.02,29.96,55.03,74.98,79.98,89.91,
316,0.06,10.05,15.02,29.96,55.02,74.95,79.95,89.89,
317,0.05,10.03,15.05,29.98,55.02,74.96,79.97,89.9,
318,0.05,10.06,15.03,29.98,55.03,74.97,79.97,89.89,
319,0.08,10.06,15.03,29.98,55.04,74.97,79.95,89.9,
320,0.07,10.06,15.05,29.98,55.06,74.97,79.95,89.91,
321,0.07,10.05,15.05,29.97,55.03,74.98,79.97,89.92,
322,0.06,10.06,15.03,30.01,55.03,74.97,79.96,89.91,
323,0.06,10.05,15.02,29.98,55.03,74.97,79.95,89.91,
324,0.06,10.07,15.03,29.98,55.02,74.95,79.95,89.89,
325,0.05,10.05,15.02,29.97,55.03,74.97,79.95,89.9,
326,0.07,10.05,15.02,29.98,55.03,74.98,79.98,89.9,
327,0.07,10.06,15.02,30.0,55.06,74.97,79.97,89.91,
328,0.07,10.06,15.03,29.98,55.04,74.98,79.97,89.92,
329,0.05,10.05,15.03,29.99,55.03,74.97,79.97,89.9,
330,0.05,10.06,15.02,29.98,55.03,74.95,79.94,89.91,
331,0.06,10.06,15.03,29.98,55.06,74.97,79.97,89.89,
332,0.07,10.04,15.02,29.99,55.03,74.97,79.95,89.9,
333,0.07,10.06,15.03,29.99,55.04,74.97,79.95,89.9,
334,0.04,10.05,15.05,29.98,55.02,74.97,79.95,89.9,
335,0.05,10.05,15.03,30.0,55.03,74.98,79.95,89.91,
336,0.05,10.06,15.03,29.98,55.02,74.98,79.95,89.9,
337,0.06,10.06,15.04,29.98,55.03,74.95,79.95,89.89,
338,0.06,10.05,15.03,30.0,55.03,74.98,79.95,89.9,
339,0.06,10.07,15.02,29.98,55.04,74.95,79.97,89.91,
340,0.06,10.03,15.03,30.0,55.02,74.98,79.95,89.89,
341,0.06,10.03,15.02,29.98,55.04,74.98,79.97,89.9,
342,0.06,10.06,15.02,29.98,55.03,74.97,79.95,89.9,
343,0.07,10.05,15.03,29.97,55.02,74.97,79.95,89.9,
344,0.05,10.06,15.02,29.99,55.02,74.97,79.94,89.89,
345,0.05,10.04,15.02,29.98,55.02,74.95,79.95,89.87,
346,0.04,10.06,15.02,29.99,55.03,74.97,79.95,89.89,
347,0.07,10.06,15.03,29.99,55.04,74.98,79.96,89.92,
348,0.06,10.06,15.03,29.95,55.03,74.96,79.95,89.9,
349,0.05,10.05,15.03,30.0,55.02,74.98,79.95,89.9,
350,0.06,10.06,15.02,30.01,55.02,74.98,79.95,89.89,
351,0.06,10.05,15.03,30.0,55.02,75.0,79.95,89.9,
352,0.07,10.06,15.03,30.0,55.04,74.97,79.95,89.9,
353,0.05,10.06,15.02,29.98,55.02,74.97,79.95,89.91,
354,0.05,10.06,15.03,30.0,55.03,74.98,79.97,89.9,
355,0.06,10.06,15.03,29.97,55.03,74.98,79.95,89.89,
356,0.07,10.07,15.02,29.98,55.06,74.95,79.97,89.9,
357,0.06,10.06,15.02,29.98,55.03,74.97,79.95,89.91,
358,0.07,10.05,15.03,29.97,55.04,74.98,79.95,89.92,
359,0.06,10.05,15.03,29.98,55.02,74.97,79.95,89.91,
360,0.05,10.06,15.03,29.98,55.03,74.97,79.95,89.9,
361,0.06,10.07,15.02,29.98,55.03,74.98,79.95,89.91,
362,0.05,10.05,15.02,29.98,55.02,74.95,79.94,89.9,
363,0.05,10.06,15.02,29.98,55.03,74.97,79.95,89.9,
364,0.06,10.05,15.02,29.98,55.03,74.95,79.95,89.9,
365,0.05,10.07,15.03,29.98,55.04,74.98,79.95,89.9,
366,0.06,10.06,15.02,29.98,55.03,74.95,79.95,89.91,
367,0.06,10.06,15.02,29.97,55.02,74.97,79.95,89.91,
368,0.07,10.06,15.02,29.98,55.02,74.95,79.95,89.9,
369,0.07,10.07,15.03,29.97,55.03,74.98,79.95,89.9,
370,0.05,10.04,15.02,29.98,55.02,74.97,79.95,89.91,
371,0.05,10.02,15.02,29.96,55.03,74.99,79.95,89.89,
372,0.06,10.06,15.05,29.98,55.02,74.97,79.93,89.89,
373,0.06,10.06,15.03,30.0,55.02,74.97,79.95,89.91,
374,0.08,10.06,15.02,29.98,55.02,74.95,79.95,89.89,
375,0.06,10.05,15.04,29.98,55.02,74.97,79.95,89.89,
376,0.07,10.06,15.03,29.98,55.03,74.95,79.93,89.9,
377,0.06,10.06,15.05,29.98,55.03,74.95,79.95,89.91,
378,0.06,10.05,15.03,30.0,55.03,74.95,79.95,89.9,
379,0.09,10.05,15.02,29.98,55.03,74.96,79.94,89.88,
380,0.08,10.07,15.06,29.98,55.02,74.98,79.95,89.92,
381,0.07,10.07,15.03,29.98,55.04,74.98,79.95,89.9,
382,0.07,10.06,15.03,29.98,55.02,74.95,79.95,89.9,
383,0.06,10.05,15.03,29.98,55.04,74.98,79.95,89.91,
384,0.05,10.05,15.05,29.99,55.04,74.98,79.95,89.91,
385,0.05,10.03,15.03,29.98,55.03,74.98,79.94,89.91,
386,0.07,10.06,15.05,29.98,55.02,74.98,79.95,89.9,
387,0.06,10.07,15.04,30.0,55.04,74.97,79.95,89.92,
388,0.06,10.06,15.05,29.98,55.04,74.97,79.97,89.91,
389,0.07,10.06,15.05,30.01,55.03,74.98,79.97,89.9,
390,0.07,10.06,15.05,29.97,55.03,74.95,79.95,89.91,
391,0.05,10.07,15.03,30.0,55.04,74.97,79.95,89.9,
392,0.06,10.06,15.03,29.98,55.03,74.95,79.95,89.91,
393,0.06,10.05,15.05,29.99,55.06,74.98,79.95,89.91,
394,0.07,10.05,15.05,29.98,55.02,74.98,79.95,89.91,
395,0.07,10.06,15.03,30.0,55.04,74.97,79.97,89.91,
396,0.06,10.05,15.03,29.98,55.03,74.95,79.97,89.91,
397,0.06,10.07,15.03,30.0,55.03,74.97,79.96,89.9,
398,0.06,10.05,15.05,29.99,55.04,74.94,79.95,89.9,
399,0.06,10.06,15.03,29.98,55.03,74.97,79.94,89.89,
400,0.06,10.05,15.02,29.96,55.02,74.95,79.95,89.9,
401,0.04,10.05,15.02,30.0,55.04,74.97,79.95,89.91,
402,0.07,10.06,15.03,29.98,55.03,74.96,79.95,89.92,
403,0.06,10.06,15.05,29.97,55.04,74.97,79.95,89.91,
404,0.05,10.05,15.03,29.99,55.03,74.98,79.97,89.92,
405,0.05,10.06,15.02,29.98,55.04,74.95,79.95,89.91,
406,0.07,10.05,15.02,29.97,55.02,74.97,79.94,89.91,
407,0.06,10.03,15.03,29.98,55.04,74.97,79.97,89.89,
408,0.04,10.05,15.02,29.95,55.03,74.95,79.95,89.91,
409,0.05,10.06,15.02,29.99,55.03,74.95,79.95,89.9,
410,0.04,10.03,15.02,29.96,55.03,74.95,79.94,89.9,
411,0.06,10.03,15.05,29.98,55.03,74.95,79.95,89.89,
412,0.06,10.04,15.05,30.0,55.02,74.98,79.95,89.9,
413,0.06,10.03,15.03,29.98,55.02,74.95,79.95,89.89,
414,0.06,10.06,15.03,29.98,55.03,74.95,79.95,89.92,
415,0.05,10.06,15.03,29.98,55.04,74.97,79.95,89.91,
416,0.04,10.04,15.03,29.96,55.03,74.97,79.95,89.91,
417,0.05,10.06,15.02,29.98,55.03,74.97,79.94,89.9,
418,0.05,10.05,15.02,29.96,55.03,74.95,79.95,89.91,
419,0.06,10.03,15.03,29.98,55.02,74.96,79.95,89.91,
420,0.04,10.05,15.01,29.98,55.02,74.97,79.95,89.9,
421,0.05,10.06,15.02,30.0,55.04,74.98,79.95,89.91,
422,0.04,10.07,15.02,29.98,55.06,74.95,79.95,89.92,
423,0.05,10.05,15.03,29.98,55.03,74.98,79.97,89.91,
424,0.04,10.04,15.02,29.98,55.02,74.98,79.95,89.9,
425,0.06,10.05,15.03,29.98,55.03,74.97,79.94,89.91,
426,0.04,10.06,15.02,29.98,55.02,74.95,79.94,89.9,
427,0.05,10.06,15.02,29.97,55.02,74.97,79.95,89.9,
428,0.06,10.05,15.02,29.98,55.02,74.97,79.95,89.9,
429,0.06,10.05,15.02,29.98,55.02,74.95,79.95,89.89,
430,0.07,10.05,15.02,29.98,55.02,74.97,79.95,89.87,
431,0.06,10.05,15.02,29.96,55.02,74.97,79.96,89.9,
432,0.06,10.03,15.02,29.98,55.04,74.97,79.94,89.9,
433,0.07,10.07,15.02,30.0,55.03,74.95,79.95,89.91,
434,0.05,10.05,15.02,29.98,55.02,74.97,79.95,89.9,
435,0.04,10.05,15.02,29.98,55.02,74.95,79.95,89.9,
436,0.05,10.05,15.02,29.98,55.02,74.97,79.98,89.87,
437,0.06,10.06,15.01,29.98,55.02,74.97,79.94,89.9,
438,0.06,10.03,15.02,29.96,55.02,74.96,79.93,89.89,
439,0.06,10.05,15.0,29.96,55.02,74.97,79.95,89.9,
440,0.04,10.05,15.02,29.98,55.03,74.97,79.95,89.89,
441,0.05,10.03,15.02,29.98,55.02,74.98,79.95,89.9,
442,0.05,10.05,15.02,29.98,55.02,74.95,79.95,89.89,
443,0.04,10.02,15.02,29.96,55.03,74.94,79.95,89.89,
444,0.05,10.03,15.02,29.98,55.02,74.94,79.94,89.92,
445,0.06,10.03,15.02,29.97,55.02,74.95,79.95,89.9,
446,0.03,10.03,15.02,29.96,55.02,74.98,79.95,89.9,
447,0.04,10.03,15.02,29.96,55.02,74.95,79.95,89.89,
448,0.06,10.05,15.02,29.96,55.02,74.96,79.95,89.9,
449,0.04,10.03,15.0,29.98,55.02,74.98,79.94,89.91,
450,0.07,10.06,15.02,29.98,55.02,74.94,79.94,89.9,
